plugin_name,install_count,pr_url,is_merged,build_status
script-security,202619,FALSE,,success
structs,202235,FALSE,,build_failed
mailer,202116,https://github.com/jenkinsci/mailer-plugin/pull/381,TRUE,success
scm-api,202114,FALSE,,success
workflow-step-api,202031,FALSE,,success
credentials,201987,FALSE,,success
display-url-api,201728,FALSE,,build_failed
bouncycastle-api,201692,FALSE,,build_failed
ssh-credentials,201567,FALSE,,build_failed
workflow-api,200861,FALSE,,success
workflow-scm-step,200444,FALSE,,success
apache-httpcomponents-client-4-api,200288,FALSE,,success
workflow-support,199978,FALSE,,success
jackson2-api,199316,FALSE,,success
junit,199034,FALSE,,success
plain-credentials,198940,FALSE,,build_failed
git-client,198124,FALSE,,success
credentials-binding,197742,FALSE,,build_failed
matrix-project,197437,FALSE,,success
token-macro,196709,FALSE,,success
cloudbees-folder,196691,FALSE,,build_failed
git,196667,FALSE,,success
workflow-job,196253,FALSE,,success
durable-task,195628,FALSE,,success
workflow-cps,194949,FALSE,,success
workflow-durable-task-step,194361,FALSE,,success
antisamy-markup-formatter,194146,FALSE,,build_failed
branch-api,193830,FALSE,,success
trilead-api,193627,FALSE,,success
workflow-basic-steps,193008,FALSE,,success
pipeline-stage-step,192740,FALSE,,success
pipeline-input-step,192278,FALSE,,success
workflow-multibranch,192201,FALSE,,success
pipeline-stage-tags-metadata,191514,FALSE,,success
pipeline-model-api,191439,FALSE,,success
pipeline-build-step,191063,FALSE,,success
pipeline-model-extensions,190247,FALSE,,success
pipeline-milestone-step,190054,FALSE,,build_failed
snakeyaml-api,189963,FALSE,,success
pipeline-model-definition,188925,FALSE,,success
pipeline-graph-analysis,187210,FALSE,,success
plugin-util-api,186964,FALSE,,build_failed
jquery3-api,186790,FALSE,,build_failed
matrix-auth,186292,FALSE,,success
font-awesome-api,186171,FALSE,,build_failed
echarts-api,185786,FALSE,,build_failed
caffeine-api,184785,FALSE,,success
checks-api,184577,FALSE,,success
workflow-aggregator,183637,FALSE,,build_failed
variant,179929,FALSE,,build_failed
jaxb,179835,FALSE,,success
ssh-slaves,179777,FALSE,,success
bootstrap5-api,179264,FALSE,,build_failed
javax-activation-api,178526,FALSE,,success
resource-disposer,178132,FALSE,,success
github-api,176697,FALSE,,build_failed
timestamper,176340,FALSE,,success
ws-cleanup,175775,FALSE,,success
okhttp-api,175072,FALSE,,build_failed
ldap,174202,FALSE,,build_failed
github,174091,FALSE,,build_failed
pam-auth,171609,FALSE,,build_failed
email-ext,170725,FALSE,,success
github-branch-source,170566,FALSE,,success
mina-sshd-api-common,168246,FALSE,,success
ant,167949,FALSE,,build_failed
jakarta-activation-api,167939,FALSE,,success
jakarta-mail-api,167917,FALSE,,success
mina-sshd-api-core,167061,FALSE,,success
build-timeout,166274,FALSE,,success
commons-lang3-api,165286,FALSE,,success
ionicons-api,164442,FALSE,,build_failed
instance-identity,162883,FALSE,,success
commons-text-api,162358,FALSE,,success
pipeline-groovy-lib,162218,FALSE,,success
jjwt-api,160198,FALSE,,build_failed
gradle,159032,FALSE,,success
javax-mail-api,152745,FALSE,,success
pipeline-github-lib,152196,FALSE,,build_failed
command-launcher,146835,FALSE,,build_failed
jdk-tool,146789,FALSE,,build_failed
pipeline-rest-api,144171,FALSE,,build_failed
sshd,143567,FALSE,,success
jsch,142534,FALSE,,build_failed
pipeline-stage-view,141108,FALSE,,build_failed
gson-api,138158,FALSE,,success
json-path-api,134553,FALSE,,success
json-api,133298,FALSE,,success
joda-time-api,130366,FALSE,,success
asm-api,128420,FALSE,,success
eddsa-api,120024,FALSE,,build_failed
authentication-tokens,113990,https://github.com/jenkinsci/authentication-tokens-plugin/pull/223,TRUE,success
javadoc,99468,FALSE,,success
metrics,95706,FALSE,,success
maven-plugin,90767,FALSE,,success
docker-commons,89554,FALSE,,build_failed
git-server,86603,FALSE,,build_failed
config-file-provider,83300,https://github.com/jenkinsci/config-file-provider-plugin/pull/384,TRUE,success
docker-workflow,79021,FALSE,,build_failed
ace-editor,77939,FALSE,,not_in_csv
theme-manager,74050,FALSE,,success
lockable-resources,73627,FALSE,,success
htmlpublisher,73422,FALSE,,build_failed
momentjs,72886,FALSE,,not_in_csv
role-strategy,72466,FALSE,,success
dark-theme,70837,FALSE,,success
handlebars,65936,FALSE,,not_in_csv
handy-uri-templates-2-api,64246,FALSE,,build_failed
mapdb-api,62379,FALSE,,build_failed
workflow-cps-global-lib,61474,FALSE,,build_failed
popper2-api,61326,FALSE,,build_failed
pipeline-graph-view,60788,FALSE,,success
subversion,57532,FALSE,,build_failed
external-monitor-job,56984,FALSE,,build_failed
jersey2-api,56950,FALSE,,build_failed
favorite,56368,FALSE,,success
pubsub-light,56062,FALSE,,build_failed
jquery,55297,FALSE,,build_failed
cloudbees-bitbucket-branch-source,54883,FALSE,,build_failed
data-tables-api,54177,FALSE,,build_failed
blueocean-commons,54096,FALSE,,build_failed
parameterized-trigger,54089,FALSE,,success
jenkins-design-language,54050,FALSE,,build_failed
blueocean-rest,53808,FALSE,,build_failed
publish-over,52294,FALSE,,build_failed
blueocean-core-js,52076,FALSE,,build_failed
blueocean-web,51829,FALSE,,build_failed
nodejs,51820,FALSE,,build_failed
blueocean-jwt,51517,FALSE,,build_failed
blueocean-pipeline-scm-api,51470,FALSE,,build_failed
apache-httpcomponents-client-5-api,50791,FALSE,,success
blueocean-rest-impl,50768,FALSE,,build_failed
sse-gateway,50546,FALSE,,build_failed
ssh-agent,50248,FALSE,,build_failed
blueocean-pipeline-api-impl,50201,FALSE,,build_failed
popper-api,50014,FALSE,,build_failed
pipeline-utility-steps,49620,FALSE,,build_failed
run-condition,48618,FALSE,,success
windows-slaves,48167,FALSE,,not_in_csv
blueocean-git-pipeline,48130,FALSE,,build_failed
blueocean-dashboard,48003,FALSE,,build_failed
publish-over-ssh,47647,FALSE,,build_failed
bootstrap4-api,47389,FALSE,,build_failed
blueocean-github-pipeline,47376,FALSE,,build_failed
git-parameter,47120,FALSE,,success
blueocean-i18n,46698,FALSE,,build_failed
blueocean-display-url,46630,FALSE,,build_failed
blueocean-personalization,46526,FALSE,,build_failed
blueocean-config,46435,FALSE,,build_failed
localization-support,46340,FALSE,,success
blueocean-pipeline-editor,46200,FALSE,,build_failed
blueocean-bitbucket-pipeline,46119,FALSE,,build_failed
blueocean-events,45794,FALSE,,build_failed
localization-zh-cn,45598,FALSE,,build_failed
conditional-buildstep,44557,FALSE,,success
envinject-api,44250,FALSE,,build_failed
blueocean,44120,FALSE,,build_failed
jquery-detached,43782,FALSE,,no_build_file
envinject,42000,FALSE,,build_failed
gitlab-plugin,41385,FALSE,,success
commons-compress-api,40347,FALSE,,success
sonar,39938,FALSE,,build_failed
prism-api,39573,FALSE,,build_failed
ansicolor,38625,FALSE,,success
docker-java-api,37254,FALSE,,success
rebuild,36721,FALSE,,build_failed
copyartifact,34986,FALSE,,success
mercurial,34525,FALSE,,success
uno-choice,34201,FALSE,,success
docker-plugin,33437,FALSE,,success
kubernetes-client-api,31123,FALSE,,success
slack,30833,FALSE,,success
kubernetes-credentials,30618,FALSE,,build_failed
configuration-as-code,30436,FALSE,,success
cloud-stats,30278,FALSE,,success
build-user-vars-plugin,29861,FALSE,,build_failed
aws-java-sdk-minimal,29541,FALSE,,build_failed
job-dsl,29461,FALSE,,success
aws-credentials,28960,FALSE,,success
aws-java-sdk-ec2,28509,FALSE,,build_failed
jira,28386,FALSE,,success
jobConfigHistory,28322,FALSE,,success
kubernetes,28288,FALSE,,success
generic-webhook-trigger,28249,FALSE,,success
pipeline-model-declarative-agent,28078,FALSE,,success
blueocean-autofavorite,28016,FALSE,,build_failed
ssh,26121,FALSE,,build_failed
forensics-api,25536,FALSE,,build_failed
build-name-setter,25246,FALSE,,success
extended-choice-parameter,25184,FALSE,,build_failed
active-directory,24912,FALSE,,success
http_request,24773,FALSE,,success
dashboard-view,24576,FALSE,,success
thinBackup,23921,FALSE,,success
oss-symbols-api,22912,FALSE,,success
groovy,21438,FALSE,,build_failed
pipeline-maven,20891,FALSE,,success
aws-java-sdk-ecr,20643,FALSE,,build_failed
aws-java-sdk,19766,FALSE,,build_failed
locale,19744,FALSE,,success
aws-java-sdk-iam,19322,FALSE,,build_failed
aws-java-sdk-cloudformation,19278,FALSE,,build_failed
aws-java-sdk-elasticbeanstalk,19273,FALSE,,build_failed
ssh-steps,19010,FALSE,,build_failed
jnr-posix-api,18642,FALSE,,success
simple-theme-plugin,18572,FALSE,,success
blueocean-jira,18162,FALSE,,build_failed
aws-java-sdk-sqs,18098,FALSE,,build_failed
aws-java-sdk-sns,18070,FALSE,,build_failed
authorize-project,17816,FALSE,,build_failed
gitlab-api,17720,FALSE,,build_failed
bitbucket,17557,FALSE,,success
aws-java-sdk-ecs,17467,FALSE,,build_failed
analysis-model-api,17346,FALSE,,build_failed
aws-java-sdk-ssm,17017,FALSE,,build_failed
aws-java-sdk-codebuild,17008,FALSE,,build_failed
aws-java-sdk-logs,17003,FALSE,,build_failed
jsoup,16575,FALSE,,not_in_csv
warnings-ng,16517,FALSE,,success
emailext-template,16457,FALSE,,success
mask-passwords,16216,FALSE,,success
artifactory,16156,FALSE,,build_failed
badge,15990,FALSE,,success
throttle-concurrents,15961,FALSE,,success
parameterized-scheduler,15931,FALSE,,success
aws-java-sdk-efs,15880,FALSE,,build_failed
extended-read-permission,15753,FALSE,,build_failed
Office-365-Connector,15625,FALSE,,success
powershell,15283,FALSE,,build_failed
ansible,15207,FALSE,,success
commons-httpclient3-api,15165,FALSE,,build_failed
monitoring,15109,FALSE,,build_failed
pipeline-maven-api,14878,FALSE,,success
nodelabelparameter,14572,FALSE,,success
code-coverage-api,14498,FALSE,,build_failed
saml,14452,FALSE,,success
msbuild,14379,FALSE,,success
built-on-column,14278,FALSE,,success
multiple-scms,14202,FALSE,,build_failed
jacoco,14145,FALSE,,build_failed
groovy-postbuild,14137,FALSE,,success
build-pipeline-plugin,14035,FALSE,,build_failed
prometheus,13834,FALSE,,build_failed
aws-java-sdk-secretsmanager,13736,FALSE,,build_failed
aws-java-sdk-kinesis,13710,FALSE,,build_failed
h2-api,13639,FALSE,,success
postbuild-task,13589,FALSE,,success
aws-java-sdk-lambda,13082,FALSE,,build_failed
aws-java-sdk-elasticloadbalancingv2,13079,FALSE,,build_failed
aws-java-sdk-organizations,13079,FALSE,,build_failed
aws-java-sdk-cloudfront,13078,FALSE,,build_failed
aws-java-sdk-codedeploy,13073,FALSE,,build_failed
aws-java-sdk-api-gateway,13068,FALSE,,not_in_csv
coverage,12971,FALSE,,build_failed
cobertura,12917,FALSE,,build_failed
allure-jenkins-plugin,12686,FALSE,,build_failed
job-import-plugin,12562,FALSE,,not_in_csv
extensible-choice-parameter,12498,FALSE,,not_in_csv
cvs,12466,FALSE,,not_in_csv
icon-shim,12384,FALSE,,not_in_csv
node-iterator-api,12140,FALSE,,not_in_csv
ivy,11867,FALSE,,not_in_csv
build-timestamp,11847,FALSE,,not_in_csv
pipeline-aws,11792,FALSE,,not_in_csv
Parameterized-Remote-Trigger,11665,FALSE,,not_in_csv
aws-java-sdk2-core,11631,FALSE,,not_in_csv
aws-java-sdk2-ec2,11604,FALSE,,not_in_csv
gitlab-oauth,11161,FALSE,,not_in_csv
xunit,11048,FALSE,,not_in_csv
oauth-credentials,10958,FALSE,,not_in_csv
jenkins-multijob-plugin,10857,FALSE,,not_in_csv
build-monitor-plugin,10796,FALSE,,not_in_csv
embeddable-build-status,10787,FALSE,,not_in_csv
build-with-parameters,10777,FALSE,,not_in_csv
aws-java-sdk-autoscaling,10715,FALSE,,not_in_csv
dtkit-api,10540,FALSE,,not_in_csv
github-pullrequest,10091,FALSE,,not_in_csv
build-blocker-plugin,9624,FALSE,,not_in_csv
greenballs,9592,FALSE,,not_in_csv
github-oauth,9584,FALSE,,not_in_csv
docker-build-step,9550,FALSE,,not_in_csv
basic-branch-build-strategies,9450,FALSE,,not_in_csv
gitlab-branch-source,9411,FALSE,,not_in_csv
view-job-filters,9211,FALSE,,not_in_csv
performance,9201,FALSE,,not_in_csv
cloudbees-disk-usage-simple,9164,FALSE,,not_in_csv
postbuildscript,9157,FALSE,,not_in_csv
google-oauth-plugin,9153,FALSE,,not_in_csv
kubernetes-cli,9041,FALSE,,not_in_csv
ec2,9009,FALSE,,not_in_csv
naginator,8894,FALSE,,not_in_csv
saferestart,8731,FALSE,,not_in_csv
translation,8721,FALSE,,not_in_csv
log-parser,8436,FALSE,,not_in_csv
audit-trail,8370,FALSE,,not_in_csv
azure-sdk,8269,FALSE,,not_in_csv
python,8157,FALSE,,not_in_csv
build-token-root,8110,FALSE,,not_in_csv
cucumber-reports,7987,FALSE,,not_in_csv
description-setter,7879,FALSE,,not_in_csv
pipeline-github,7874,FALSE,,not_in_csv
dependency-check-jenkins-plugin,7827,FALSE,,not_in_csv
hashicorp-vault-plugin,7623,FALSE,,not_in_csv
deploy,7567,FALSE,,not_in_csv
hidden-parameter,7436,FALSE,,not_in_csv
pipeline-multibranch-defaults,7195,FALSE,,not_in_csv
promoted-builds,7112,FALSE,,not_in_csv
disk-usage,7074,FALSE,,not_in_csv
jquery-ui,7029,FALSE,,not_in_csv
file-operations,7025,FALSE,,not_in_csv
flatpickr-api,6943,FALSE,,not_in_csv
amazon-ecr,6843,FALSE,,not_in_csv
file-parameters,6802,FALSE,,not_in_csv
next-build-number,6799,FALSE,,not_in_csv
plugin-usage-plugin,6745,FALSE,,not_in_csv
robot,6681,FALSE,,not_in_csv
m2release,6669,FALSE,,not_in_csv
s3,6420,FALSE,,not_in_csv
validating-string-parameter,6316,FALSE,,not_in_csv
atlassian-bitbucket-server-integration,6303,FALSE,,not_in_csv
nested-view,6204,FALSE,,not_in_csv
parameter-separator,6126,FALSE,,not_in_csv
test-results-analyzer,6121,FALSE,,not_in_csv
docker-build-publish,6101,FALSE,,not_in_csv
ghprb,6025,FALSE,,not_in_csv
configurationslicing,5945,FALSE,,not_in_csv
nexus-artifact-uploader,5901,FALSE,,not_in_csv
testng-plugin,5898,FALSE,,not_in_csv
analysis-core,5836,FALSE,,not_in_csv
text-finder,5826,FALSE,,not_in_csv
stashNotifier,5796,FALSE,,not_in_csv
git-changelog,5795,FALSE,,not_in_csv
aws-java-sdk-cloudwatch,5673,FALSE,,not_in_csv
extra-columns,5562,FALSE,,not_in_csv
scriptler,5558,FALSE,,not_in_csv
publish-over-ftp,5527,FALSE,,not_in_csv
strict-crumb-issuer,5481,FALSE,,not_in_csv
delivery-pipeline-plugin,5411,FALSE,,not_in_csv
permissive-script-security,5354,FALSE,,not_in_csv
pipeline-npm,5336,FALSE,,not_in_csv
github-organization-folder,5325,FALSE,,not_in_csv
gerrit-trigger,5275,FALSE,,not_in_csv
kubernetes-credentials-provider,5244,FALSE,,not_in_csv
discard-old-build,5226,FALSE,,not_in_csv
swarm,5194,FALSE,,not_in_csv
dingding-notifications,5125,FALSE,,not_in_csv
sidebar-link,5114,FALSE,,not_in_csv
emoji-symbols-api,5076,FALSE,,not_in_csv
oic-auth,5055,FALSE,,not_in_csv
schedule-build,5039,FALSE,,not_in_csv
skip-certificate-check,4970,FALSE,,not_in_csv
gitlab-merge-request-jenkins,4898,FALSE,,not_in_csv
flexible-publish,4843,FALSE,,not_in_csv
build-failure-analyzer,4802,FALSE,,not_in_csv
p4,4740,FALSE,,not_in_csv
azure-credentials,4696,FALSE,,not_in_csv
azure-ad,4662,FALSE,,not_in_csv
job-restrictions,4621,FALSE,,not_in_csv
global-build-stats,4567,FALSE,,not_in_csv
sonar-quality-gates,4566,FALSE,,not_in_csv
ssh2easy,4518,FALSE,,not_in_csv
multibranch-scan-webhook-trigger,4481,FALSE,,not_in_csv
login-theme,4478,FALSE,,not_in_csv
global-slack-notifier,4444,FALSE,,not_in_csv
ruby-runtime,4420,FALSE,,not_in_csv
plot,4396,FALSE,,not_in_csv
startup-trigger-plugin,4319,FALSE,,not_in_csv
versionnumber,4308,FALSE,,not_in_csv
preSCMbuildstep,4275,FALSE,,not_in_csv
jira-steps,4219,FALSE,,not_in_csv
bitbucket-push-and-pull-request,4115,FALSE,,not_in_csv
docker-compose-build-step,4097,FALSE,,not_in_csv
pipeline-githubnotify-step,4095,FALSE,,not_in_csv
google-login,4040,FALSE,,not_in_csv
date-parameter,3929,FALSE,,not_in_csv
xvfb,3922,FALSE,,not_in_csv
golang,3892,FALSE,,not_in_csv
configuration-as-code-groovy,3885,FALSE,,not_in_csv
JDK_Parameter_Plugin,3871,FALSE,,not_in_csv
backup,3868,FALSE,,not_in_csv
folder-properties,3859,FALSE,,not_in_csv
gitlab-logo,3816,FALSE,,not_in_csv
build-environment,3801,FALSE,,not_in_csv
mina-sshd-api-scp,3787,FALSE,,not_in_csv
bitbucket-build-status-notifier,3697,FALSE,,not_in_csv
PrioritySorter,3695,FALSE,,not_in_csv
nunit,3660,FALSE,,not_in_csv
terraform,3649,FALSE,,not_in_csv
docker-slaves,3627,FALSE,,not_in_csv
pyenv-pipeline,3621,FALSE,,not_in_csv
dependency-track,3612,FALSE,,not_in_csv
database,3605,FALSE,,not_in_csv
junit-attachments,3592,FALSE,,not_in_csv
purge-job-history,3592,FALSE,,not_in_csv
mstest,3585,FALSE,,not_in_csv
nexus-jenkins-plugin,3566,FALSE,,not_in_csv
list-git-branches-parameter,3515,FALSE,,not_in_csv
azure-commons,3414,FALSE,,not_in_csv
categorized-view,3414,FALSE,,not_in_csv
checkmarx,3411,FALSE,,not_in_csv
persistent-parameter,3382,FALSE,,not_in_csv
atlassian-jira-software-cloud,3331,FALSE,,not_in_csv
customizable-header,3317,FALSE,,not_in_csv
versioncolumn,3307,FALSE,,not_in_csv
amazon-ecs,3295,FALSE,,not_in_csv
gitea,3267,FALSE,,not_in_csv
dynamic_extended_choice_parameter,3261,FALSE,,not_in_csv
periodicbackup,3248,FALSE,,not_in_csv
support-core,3237,FALSE,,not_in_csv
mail-watcher-plugin,3215,FALSE,,not_in_csv
claim,3207,FALSE,,not_in_csv
pipeline-aggregator-view,3185,FALSE,,not_in_csv
xcode-plugin,3168,FALSE,,not_in_csv
material-theme,3117,FALSE,,not_in_csv
custom-tools-plugin,3080,FALSE,,not_in_csv
git-push,3044,FALSE,,not_in_csv
bitbucket-pullrequest-builder,3020,FALSE,,not_in_csv
join,2988,FALSE,,not_in_csv
jfrog,2958,FALSE,,not_in_csv
aws-global-configuration,2928,FALSE,,not_in_csv
workflow-cps-global-lib-http,2924,FALSE,,not_in_csv
notification,2922,FALSE,,not_in_csv
managed-scripts,2899,FALSE,,not_in_csv
purge-build-queue-plugin,2891,FALSE,,not_in_csv
publish-over-cifs,2881,FALSE,,not_in_csv
shiningpanda,2855,FALSE,,not_in_csv
folder-auth,2846,FALSE,,not_in_csv
adoptopenjdk,2831,FALSE,,not_in_csv
buildtriggerbadge,2788,FALSE,,not_in_csv
aws-secrets-manager-credentials-provider,2778,FALSE,,not_in_csv
sectioned-view,2756,FALSE,,not_in_csv
maven-info,2748,FALSE,,not_in_csv
opentelemetry-api,2733,FALSE,,not_in_csv
hudson-wsclean-plugin,2730,FALSE,,not_in_csv
next-executions,2704,FALSE,,not_in_csv
webhook-step,2703,FALSE,,not_in_csv
artifactdeployer,2702,https://github.com/jenkinsci/artifactdeployer-plugin/pull/95,TRUE,success
logstash,2686,FALSE,,not_in_csv
xtrigger-api,2659,FALSE,,not_in_csv
maven-artifact-choicelistprovider,2648,FALSE,,not_in_csv
github-checks,2639,FALSE,,not_in_csv
kubernetes-pipeline-devops-steps,2638,FALSE,,not_in_csv
nvm-wrapper,2637,FALSE,,not_in_csv
gitlab-hook,2603,FALSE,,not_in_csv
jira-trigger,2603,FALSE,,not_in_csv
influxdb,2588,FALSE,,not_in_csv
repo,2576,FALSE,,not_in_csv
qy-wechat-notification,2517,FALSE,,not_in_csv
gitee,2505,FALSE,,not_in_csv
datadog,2495,FALSE,,not_in_csv
scp,2487,FALSE,,not_in_csv
async-http-client,2466,FALSE,,not_in_csv
splunk-devops,2462,FALSE,,not_in_csv
solarized-theme,2450,FALSE,,not_in_csv
show-build-parameters,2446,FALSE,,not_in_csv
gatling,2443,FALSE,,not_in_csv
remote-file,2433,FALSE,,not_in_csv
email-ext-recipients-column,2412,FALSE,,not_in_csv
bitbucket-oauth,2407,FALSE,,not_in_csv
cors-filter,2396,FALSE,,not_in_csv
convert-to-pipeline,2390,FALSE,,not_in_csv
clover,2376,FALSE,,not_in_csv
hashicorp-vault-pipeline,2353,FALSE,,not_in_csv
ansible-tower,2351,FALSE,,not_in_csv
quality-gates,2351,FALSE,,not_in_csv
aws-java-sdk2-ecr,2340,FALSE,,not_in_csv
multibranch-build-strategy-extension,2321,FALSE,,not_in_csv
cppcheck,2257,FALSE,,not_in_csv
checkstyle,2252,FALSE,,not_in_csv
environment-script,2241,FALSE,,not_in_csv
repository-connector,2241,FALSE,,not_in_csv
miniorange-saml-sp,2237,FALSE,,not_in_csv
build-discarder,2222,FALSE,,not_in_csv
pipeline-timeline,2211,FALSE,,not_in_csv
last-changes,2210,FALSE,,not_in_csv
depgraph-view,2203,FALSE,,not_in_csv
dotnet-sdk,2160,FALSE,,not_in_csv
blackduck-detect,2141,FALSE,,not_in_csv
blueocean-executor-info,2113,FALSE,,not_in_csv
byte-buddy-api,2071,FALSE,,not_in_csv
ec2-fleet,2064,FALSE,,not_in_csv
reverse-proxy-auth-plugin,2047,FALSE,,not_in_csv
xml-job-to-job-dsl,2038,FALSE,,not_in_csv
leastload,2026,FALSE,,not_in_csv
snyk-security-scanner,2021,FALSE,,not_in_csv
openJDK-native-plugin,2016,FALSE,,not_in_csv
build-token-trigger,2013,FALSE,,not_in_csv
slave-setup,1969,FALSE,,not_in_csv
git-forensics,1962,FALSE,,not_in_csv
artifact-manager-s3,1939,FALSE,,not_in_csv
npm-yarn-wrapper-steps,1939,FALSE,,not_in_csv
port-allocator,1937,FALSE,,not_in_csv
cloudbees-credentials,1936,FALSE,,not_in_csv
release,1931,FALSE,,not_in_csv
zentimestamp,1924,FALSE,,not_in_csv
maven-invoker-plugin,1922,FALSE,,not_in_csv
mstestrunner,1917,FALSE,,not_in_csv
shelve-project-plugin,1895,FALSE,,not_in_csv
github-autostatus,1894,FALSE,,not_in_csv
matrix-combinations-parameter,1853,FALSE,,not_in_csv
google-metadata-plugin,1851,FALSE,,not_in_csv
cucumber-testresult-plugin,1850,FALSE,,not_in_csv
downstream-buildview,1842,FALSE,,not_in_csv
docker-custom-build-environment,1834,FALSE,,not_in_csv
mattermost,1833,FALSE,,not_in_csv
warnings,1818,FALSE,,not_in_csv
rich-text-publisher-plugin,1812,FALSE,,not_in_csv
fstrigger,1805,FALSE,,not_in_csv
chucknorris,1790,FALSE,,not_in_csv
cmakebuilder,1790,FALSE,,not_in_csv
global-variable-string-parameter,1790,FALSE,,not_in_csv
calendar-view,1778,FALSE,,not_in_csv
project-description-setter,1772,FALSE,,not_in_csv
text-file-operations,1754,FALSE,,not_in_csv
urltrigger,1744,FALSE,,not_in_csv
git-tag-message,1737,FALSE,,not_in_csv
nuget,1735,FALSE,,not_in_csv
multi-branch-project-plugin,1725,FALSE,,not_in_csv
seleniumhtmlreport,1719,FALSE,,not_in_csv
violations,1710,FALSE,,not_in_csv
google-chat-notification,1706,FALSE,,not_in_csv
cron_column,1698,FALSE,,not_in_csv
github-pr-comment-build,1695,FALSE,,not_in_csv
workflow-remote-loader,1689,FALSE,,not_in_csv
jenkins-jira-issue-updater,1686,FALSE,,not_in_csv
confluence-publisher,1685,FALSE,,not_in_csv
maven-metadata-plugin,1685,FALSE,,not_in_csv
sbt,1680,FALSE,,not_in_csv
chromedriver,1671,FALSE,,not_in_csv
opentelemetry,1663,FALSE,,not_in_csv
console-column-plugin,1640,FALSE,,not_in_csv
envfile,1637,FALSE,,not_in_csv
codedeploy,1636,FALSE,,not_in_csv
kpp-management-plugin,1629,FALSE,,not_in_csv
google-play-android-publisher,1625,FALSE,,not_in_csv
openshift-client,1624,FALSE,,not_in_csv
people-view,1623,FALSE,,not_in_csv
declarative-pipeline-migration-assistant-api,1603,FALSE,,not_in_csv
database-mysql,1600,FALSE,,not_in_csv
ldapemail,1597,FALSE,,not_in_csv
maven-dependency-update-trigger,1594,FALSE,,not_in_csv
fail-the-build-plugin,1587,FALSE,,not_in_csv
junit-realtime-test-reporter,1581,FALSE,,not_in_csv
kubernetes-cd,1574,FALSE,,not_in_csv
downstream-build-cache,1569,FALSE,,not_in_csv
browserstack-integration,1563,FALSE,,not_in_csv
build-metrics,1560,FALSE,,not_in_csv
project-stats-plugin,1549,FALSE,,not_in_csv
xray-connector,1549,FALSE,,not_in_csv
text-finder-run-condition,1538,FALSE,,not_in_csv
build-history-metrics-plugin,1531,FALSE,,not_in_csv
secondary-timestamper-plugin,1531,FALSE,,not_in_csv
vsphere-cloud,1531,FALSE,,not_in_csv
aws-lambda,1529,FALSE,,not_in_csv
findbugs,1519,FALSE,,not_in_csv
compact-columns,1501,FALSE,,not_in_csv
run-condition-extras,1499,FALSE,,not_in_csv
splunk-devops-extend,1495,FALSE,,not_in_csv
violation-comments-to-gitlab,1490,FALSE,,not_in_csv
unity3d-plugin,1489,FALSE,,not_in_csv
google-storage-plugin,1479,FALSE,,not_in_csv
pmd,1477,FALSE,,not_in_csv
filesystem-list-parameter-plugin,1472,FALSE,,not_in_csv
slave-status,1472,FALSE,,not_in_csv
android-emulator,1471,FALSE,,not_in_csv
clone-workspace-scm,1449,FALSE,,not_in_csv
buildresult-trigger,1443,FALSE,,not_in_csv
discord-notifier,1443,FALSE,,not_in_csv
build-notifications,1440,FALSE,,not_in_csv
maven-repo-cleaner,1435,FALSE,,not_in_csv
svncompat14,1434,FALSE,,not_in_csv
fortify,1431,FALSE,,not_in_csv
image-tag-parameter,1416,FALSE,,not_in_csv
pipeline-config-history,1398,FALSE,,not_in_csv
codesonar,1397,FALSE,,not_in_csv
sonargraph-integration,1383,FALSE,,not_in_csv
vstestrunner,1383,FALSE,,not_in_csv
disable-job-button,1376,FALSE,,not_in_csv
sqlplus-script-runner,1369,FALSE,,not_in_csv
custom-folder-icon,1368,FALSE,,not_in_csv
ez-templates,1363,FALSE,,not_in_csv
yet-another-build-visualizer,1361,FALSE,,not_in_csv
keycloak,1355,FALSE,,not_in_csv
template-project,1348,FALSE,,not_in_csv
test-results-aggregator,1345,FALSE,,not_in_csv
pipeline-cps-http,1339,FALSE,,not_in_csv
multiselect-parameter,1326,FALSE,,not_in_csv
any-buildstep,1325,FALSE,,not_in_csv
pollscm,1308,FALSE,,not_in_csv
scoring-load-balancer,1301,FALSE,,not_in_csv
artifact-promotion,1299,FALSE,,not_in_csv
modernstatus,1283,FALSE,,not_in_csv
sloccount,1280,FALSE,,not_in_csv
downstream-ext,1270,FALSE,,not_in_csv
groovy-label-assignment,1269,FALSE,,not_in_csv
aws-codebuild,1264,FALSE,,not_in_csv
summary_report,1251,FALSE,,not_in_csv
scm-sync-configuration,1245,FALSE,,not_in_csv
aws-bucket-credentials,1241,FALSE,,not_in_csv
azure-keyvault,1236,FALSE,,not_in_csv
sonar-gerrit,1233,FALSE,,not_in_csv
instant-messaging,1232,FALSE,,not_in_csv
jobcacher,1231,FALSE,,not_in_csv
clearcase,1224,FALSE,,not_in_csv
windows-azure-storage,1224,FALSE,,not_in_csv
azure-cli,1223,FALSE,,not_in_csv
github-pr-coverage-status,1208,FALSE,,not_in_csv
ownership,1204,FALSE,,not_in_csv
readonly-parameters,1202,FALSE,,not_in_csv
google-compute-engine,1200,FALSE,,not_in_csv
declarative-pipeline-migration-assistant,1195,FALSE,,not_in_csv
repository,1189,FALSE,,not_in_csv
nant,1187,FALSE,,not_in_csv
veracode-scan,1182,FALSE,,not_in_csv
slack-uploader,1175,FALSE,,not_in_csv
mysql-api,1173,FALSE,,not_in_csv
hp-application-automation-tools-plugin,1164,FALSE,,not_in_csv
aws-parameter-store,1153,FALSE,,not_in_csv
database-postgresql,1149,FALSE,,not_in_csv
templating-engine,1134,FALSE,,not_in_csv
jira-ext,1129,FALSE,,not_in_csv
tap,1121,FALSE,,not_in_csv
postgresql-api,1119,FALSE,,not_in_csv
sonarqube-generic-coverage,1112,FALSE,,not_in_csv
analysis-collector,1111,FALSE,,not_in_csv
scmskip,1108,FALSE,,not_in_csv
gerrit-code-review,1103,FALSE,,not_in_csv
azure-vm-agents,1102,FALSE,,not_in_csv
all-changes,1101,FALSE,,not_in_csv
dockerhub-notification,1100,FALSE,,not_in_csv
update-sites-manager,1096,FALSE,,not_in_csv
synopsys-coverity,1085,FALSE,,not_in_csv
buildgraph-view,1083,FALSE,,not_in_csv
gitlab-kubernetes-credentials,1082,FALSE,,not_in_csv
TestComplete,1081,FALSE,,not_in_csv
copy-to-slave,1080,FALSE,,not_in_csv
gradle-repo,1080,FALSE,,not_in_csv
svn-workspace-cleaner,1079,FALSE,,not_in_csv
JiraTestResultReporter,1072,FALSE,,not_in_csv
external-workspace-manager,1071,FALSE,,not_in_csv
project-build-times,1063,FALSE,,not_in_csv
dependencyanalyzer,1062,FALSE,,not_in_csv
copy-project-link,1058,FALSE,,not_in_csv
changes-since-last-success,1056,FALSE,,not_in_csv
label-linked-jobs,1054,FALSE,,not_in_csv
aws-codepipeline,1053,FALSE,,not_in_csv
compress-artifacts,1051,FALSE,,not_in_csv
github-scm-trait-notification-context,1047,FALSE,,not_in_csv
build-keeper-plugin,1041,FALSE,,not_in_csv
aws-secrets-manager-secret-source,1035,FALSE,,not_in_csv
progress-bar-column-plugin,1030,FALSE,,not_in_csv
toolenv,1028,FALSE,,not_in_csv
shared-workspace,1015,FALSE,,not_in_csv
ftppublisher,1005,FALSE,,not_in_csv
packer,1005,FALSE,,not_in_csv
xvnc,1005,FALSE,,not_in_csv
doxygen,999,FALSE,,not_in_csv
github-scm-trait-commit-skip,993,FALSE,,not_in_csv
filesystem_scm,979,FALSE,,not_in_csv
jobgenerator,973,FALSE,,not_in_csv
configuration-as-code-secret-ssm,970,FALSE,,not_in_csv
selenium,967,FALSE,,not_in_csv
gravatar,963,FALSE,,not_in_csv
content-replace,962,FALSE,,not_in_csv
dynamicparameter,953,FALSE,,not_in_csv
multibranch-action-triggers,953,FALSE,,not_in_csv
logfilesizechecker,946,FALSE,,not_in_csv
scm-filter-branch-pr,945,FALSE,,not_in_csv
gitbucket,935,FALSE,,not_in_csv
maven-deployment-linker,934,FALSE,,not_in_csv
inline-pipeline,930,FALSE,,not_in_csv
jqs-monitoring,928,FALSE,,not_in_csv
jobcopy-builder,924,FALSE,,not_in_csv
gogs-webhook,922,FALSE,,not_in_csv
global-post-script,913,FALSE,,not_in_csv
dynamic-axis,906,FALSE,,not_in_csv
sauce-ondemand,906,FALSE,,not_in_csv
tfs,904,FALSE,,not_in_csv
change-assembly-version-plugin,901,FALSE,,not_in_csv
build-history-manager,898,FALSE,,not_in_csv
markdown-formatter,897,FALSE,,not_in_csv
anything-goes-formatter,896,FALSE,,not_in_csv
build-time-blame,894,FALSE,,not_in_csv
yet-another-docker-plugin,891,FALSE,,not_in_csv
qtest,889,FALSE,,not_in_csv
google-container-registry-auth,888,FALSE,,not_in_csv
cucumber-trends-report,886,FALSE,,not_in_csv
perfpublisher,885,FALSE,,not_in_csv
poll-mailbox-trigger-plugin,884,FALSE,,not_in_csv
google-kubernetes-engine,882,FALSE,,not_in_csv
zap,876,FALSE,,not_in_csv
flaky-test-handler,875,FALSE,,not_in_csv
skip-notifications-trait,874,FALSE,,not_in_csv
windows-exe-runner,874,FALSE,,not_in_csv
bitbucket-scm-trait-commit-skip,872,FALSE,,not_in_csv
test-stability,868,FALSE,,not_in_csv
aws-java-sdk2-sts,861,FALSE,,not_in_csv
hipchat,854,FALSE,,not_in_csv
custom-checkbox-parameter,846,FALSE,,not_in_csv
build-cause-run-condition,845,FALSE,,not_in_csv
editable-choice,843,FALSE,,not_in_csv
pagerduty,839,FALSE,,not_in_csv
stash-pullrequest-builder,831,FALSE,,not_in_csv
parallel-test-executor,830,FALSE,,not_in_csv
maven-snapshot-check,824,FALSE,,not_in_csv
awseb-deployment-plugin,820,FALSE,,not_in_csv
crowd2,819,FALSE,,not_in_csv
display-console-output,817,FALSE,,not_in_csv
changelog-history,815,FALSE,,not_in_csv
http-post,806,FALSE,,not_in_csv
openshift-sync,804,FALSE,,not_in_csv
dry,803,FALSE,,not_in_csv
build-flow-plugin,802,FALSE,,not_in_csv
bitbucket-filter-project-trait,795,FALSE,,not_in_csv
cloudfoundry,793,FALSE,,not_in_csv
audit-log,784,FALSE,,not_in_csv
copy-data-to-workspace-plugin,781,FALSE,,not_in_csv
simple-parameterized-builds-report,776,FALSE,,not_in_csv
ignore-committer-strategy,775,FALSE,,not_in_csv
emma,774,FALSE,,not_in_csv
xframe-filter-plugin,774,FALSE,,not_in_csv
anchore-container-scanner,767,FALSE,,not_in_csv
pipeline-global-lib-nexus,767,FALSE,,not_in_csv
compress-buildlog,763,FALSE,,not_in_csv
scalable-amazon-ecs,761,FALSE,,not_in_csv
rake,759,FALSE,,not_in_csv
telegram-notifications,751,FALSE,,not_in_csv
jdepend,750,FALSE,,not_in_csv
cucumber-perf,738,FALSE,,not_in_csv
cas-plugin,736,FALSE,,not_in_csv
github-issues,731,FALSE,,not_in_csv
openid4java,721,FALSE,,not_in_csv
rocketchatnotifier,721,FALSE,,not_in_csv
dingding-json-pusher,715,FALSE,,not_in_csv
block-queued-job,714,FALSE,,not_in_csv
export-params,713,FALSE,,not_in_csv
simple-build-for-pipeline,713,FALSE,,not_in_csv
disable-github-multibranch-status,708,FALSE,,not_in_csv
redmine,707,FALSE,,not_in_csv
testInProgress,707,FALSE,,not_in_csv
cloverphp,698,FALSE,,not_in_csv
promoted-builds-simple,695,FALSE,,not_in_csv
statusmonitor,695,FALSE,,not_in_csv
create-fingerprint,692,FALSE,,not_in_csv
nodenamecolumn,689,FALSE,,not_in_csv
openshift-login,688,FALSE,,not_in_csv
gitea-checks,686,FALSE,,not_in_csv
upload-pgyer,685,FALSE,,not_in_csv
matrix-groovy-execution-strategy,681,FALSE,,not_in_csv
nexus-task-runner,681,FALSE,,not_in_csv
rundeck,681,FALSE,,not_in_csv
winrm-client,681,FALSE,,not_in_csv
appcenter,673,FALSE,,not_in_csv
report-info,672,FALSE,,not_in_csv
elastic-axis,665,FALSE,,not_in_csv
android-signing,661,FALSE,,not_in_csv
tasks,659,FALSE,,not_in_csv
flyway-runner,658,FALSE,,not_in_csv
unleash,657,FALSE,,not_in_csv
bulk-builder,651,FALSE,,not_in_csv
pipeline-maven-database,650,FALSE,,not_in_csv
run-selector,650,FALSE,,not_in_csv
Exclusion,649,FALSE,,not_in_csv
bitbucket-approve,647,FALSE,,not_in_csv
xshell,647,FALSE,,not_in_csv
sitemonitor,639,FALSE,,not_in_csv
zapper,638,FALSE,,not_in_csv
heavy-job,635,FALSE,,not_in_csv
multi-slave-config-plugin,633,FALSE,,not_in_csv
terminate-ssh-processes-plugin,632,FALSE,,not_in_csv
scoverage,631,FALSE,,not_in_csv
radiatorviewplugin,629,FALSE,,not_in_csv
docker-traceability,628,FALSE,,not_in_csv
violation-comments-to-stash,622,FALSE,,not_in_csv
batch-task,621,FALSE,,not_in_csv
openstack-cloud,620,FALSE,,not_in_csv
jenkinswalldisplay,617,FALSE,,not_in_csv
shared-objects,617,FALSE,,not_in_csv
checkmarx-ast-scanner,616,FALSE,,not_in_csv
mina-sshd-api-sftp,615,FALSE,,not_in_csv
aliyun-oss-uploader,614,FALSE,,not_in_csv
doclinks,612,FALSE,,not_in_csv
docker-swarm,604,FALSE,,not_in_csv
groovy-remote,603,FALSE,,not_in_csv
svn-revert-plugin,599,FALSE,,not_in_csv
cucumber-slack-notifier,598,FALSE,,not_in_csv
ant-in-workspace,595,FALSE,,not_in_csv
custom-view-tabs,594,FALSE,,not_in_csv
teamconcert,593,FALSE,,not_in_csv
bootstraped-multi-test-results-report,586,FALSE,,not_in_csv
klocwork,586,FALSE,,not_in_csv
matrix-reloaded,586,FALSE,,not_in_csv
notify-events,585,FALSE,,not_in_csv
pipeline-dependency-walker,585,FALSE,,not_in_csv
gcloud-sdk,582,FALSE,,not_in_csv
katalon,579,FALSE,,not_in_csv
oidc-provider,575,FALSE,,not_in_csv
violation-comments-to-github,574,FALSE,,not_in_csv
systemloadaverage-monitor,573,FALSE,,not_in_csv
files-found-trigger,569,FALSE,,not_in_csv
mission-control-view,568,FALSE,,not_in_csv
pegdown-formatter,567,FALSE,,not_in_csv
build-symlink,566,FALSE,,not_in_csv
favorite-view,564,FALSE,,not_in_csv
random-string-parameter,564,FALSE,,not_in_csv
exclusive-execution,561,FALSE,,not_in_csv
enhanced-old-build-discarder,560,FALSE,,not_in_csv
flyway-api,560,FALSE,,not_in_csv
hudson-pview-plugin,559,FALSE,,not_in_csv
aqua-security-scanner,556,FALSE,,not_in_csv
python-wrapper,554,FALSE,,not_in_csv
build-view-column,553,FALSE,,not_in_csv
metrics-diskusage,551,FALSE,,not_in_csv
conjur-credentials,550,FALSE,,not_in_csv
select2-api,549,FALSE,,not_in_csv
commons-math3-api,546,FALSE,,not_in_csv
newrelic-deployment-notifier,546,FALSE,,not_in_csv
percentage-du-node-column,545,FALSE,,not_in_csv
file-leak-detector,544,FALSE,,not_in_csv
gcp-secrets-manager-credentials-provider,544,FALSE,,not_in_csv
antexec,539,FALSE,,not_in_csv
job-parameter-summary,534,FALSE,,not_in_csv
additional-metrics,533,FALSE,,not_in_csv
oracle-cloud-infrastructure-compute,532,FALSE,,not_in_csv
emotional-jenkins-plugin,531,FALSE,,not_in_csv
html5-notifier-plugin,530,FALSE,,not_in_csv
job-exporter,528,FALSE,,not_in_csv
environment-dashboard,527,FALSE,,not_in_csv
valgrind,527,FALSE,,not_in_csv
miniorange-two-factor,520,FALSE,,not_in_csv
AnchorChain,519,FALSE,,not_in_csv
pipeline-as-yaml,519,FALSE,,not_in_csv
fortify-on-demand-uploader,518,FALSE,,not_in_csv
collapsing-console-sections,514,FALSE,,not_in_csv
rabbitmq-consumer,510,FALSE,,not_in_csv
octopusdeploy,507,FALSE,,not_in_csv
aws-device-farm,506,FALSE,,not_in_csv
read-only-configurations,506,FALSE,,not_in_csv
gerrit-verify-status-reporter,501,FALSE,,not_in_csv
github-branch-pr-change-filter,501,FALSE,,not_in_csv
custom-job-icon,497,FALSE,,not_in_csv
tm4j-automation,494,FALSE,,not_in_csv
weblogic-deployer-plugin,493,FALSE,,not_in_csv
deployit-plugin,485,FALSE,,not_in_csv
image-gallery,484,FALSE,,not_in_csv
azure-app-service,483,FALSE,,not_in_csv
simple-queue,475,FALSE,,not_in_csv
zap-pipeline,474,FALSE,,not_in_csv
configure-job-column-plugin,473,FALSE,,not_in_csv
lucene-search,473,FALSE,,not_in_csv
openid,473,FALSE,,not_in_csv
aws-codecommit-jobs,472,FALSE,,not_in_csv
google-source-plugin,471,FALSE,,not_in_csv
config-autorefresh-plugin,467,FALSE,,not_in_csv
extra-tool-installers,467,FALSE,,not_in_csv
statistics-gatherer,463,FALSE,,not_in_csv
uptime,463,FALSE,,not_in_csv
publish-to-bitbucket,458,FALSE,,not_in_csv
project-inheritance,457,FALSE,,not_in_csv
gatling-check,455,FALSE,,not_in_csv
bitbucket-pullrequests-filter,452,FALSE,,not_in_csv
log-file-filter,452,FALSE,,not_in_csv
dropdown-viewstabbar-plugin,451,FALSE,,not_in_csv
slave-utilization-plugin,446,FALSE,,not_in_csv
customize-build-now,444,FALSE,,not_in_csv
jira-integration,444,FALSE,,not_in_csv
android-lint,443,FALSE,,not_in_csv
kerberos-sso,443,FALSE,,not_in_csv
outbound-webhook,441,FALSE,,not_in_csv
cloudbees-jenkins-advisor,426,FALSE,,not_in_csv
consul-kv-builder,424,FALSE,,not_in_csv
pipeline-deploymon,423,FALSE,,not_in_csv
soapui-pro-functional-testing,422,FALSE,,not_in_csv
svnmerge,420,FALSE,,not_in_csv
openshift-pipeline,418,FALSE,,not_in_csv
rubyMetrics,416,FALSE,,not_in_csv
cucumber-living-documentation,414,FALSE,,not_in_csv
fitnesse,412,FALSE,,not_in_csv
liquibase-runner,409,FALSE,,not_in_csv
phing,408,FALSE,,not_in_csv
cygpath,405,FALSE,,not_in_csv
minio,405,FALSE,,not_in_csv
mashup-portlets-plugin,404,FALSE,,not_in_csv
redeploy-rancher2-workload,403,FALSE,,not_in_csv
gradle-daemon,402,FALSE,,not_in_csv
jclouds-jenkins,398,FALSE,,not_in_csv
bitbucket-scm-filter-aged-refs,397,FALSE,,not_in_csv
display-upstream-changes,394,FALSE,,not_in_csv
maven-release-cascade,391,FALSE,,not_in_csv
netsparker-cloud-scan,390,FALSE,,not_in_csv
build-env-propagator,387,FALSE,,not_in_csv
description-column-plugin,387,FALSE,,not_in_csv
jenkins-cloudformation-plugin,386,FALSE,,not_in_csv
kotlin-v1-stdlib-jdk8,385,FALSE,,not_in_csv
codecommit-url-helper,384,FALSE,,not_in_csv
ivytrigger,384,FALSE,,not_in_csv
pipeline-input-notification,383,FALSE,,not_in_csv
sonargraph-plugin,383,FALSE,,not_in_csv
parasoft-findings,380,FALSE,,not_in_csv
concurrent-step,379,FALSE,,not_in_csv
ccm,374,FALSE,,not_in_csv
testcomplete-xunit,374,FALSE,,not_in_csv
createjobadvanced,373,FALSE,,not_in_csv
kubernetes-pipeline-steps,373,FALSE,,not_in_csv
multi-module-tests-publisher,372,FALSE,,not_in_csv
build-publisher,371,FALSE,,not_in_csv
azure-credentials-ext,370,FALSE,,not_in_csv
call-remote-job-plugin,367,FALSE,,not_in_csv
jgiven,367,FALSE,,not_in_csv
mesos,367,FALSE,,not_in_csv
secure-requester-whitelist,367,FALSE,,not_in_csv
customized-build-message,366,FALSE,,not_in_csv
scm2job,366,FALSE,,not_in_csv
unique-id,366,FALSE,,not_in_csv
gerrit-checks-api,365,FALSE,,not_in_csv
dynamic-search-view,362,FALSE,,not_in_csv
azure-container-agents,360,FALSE,,not_in_csv
console-badge,359,FALSE,,not_in_csv
job-poll-action-plugin,359,FALSE,,not_in_csv
diskcheck,357,FALSE,,not_in_csv
logging,357,FALSE,,not_in_csv
backup-interrupt-plugin,356,FALSE,,not_in_csv
bitbucket-approval-filter,355,FALSE,,not_in_csv
svn-tag,354,FALSE,,not_in_csv
prereq-buildstep,353,FALSE,,not_in_csv
snsnotify,352,FALSE,,not_in_csv
bitbucket-scm-filter-jira-validator,350,FALSE,,not_in_csv
labelled-steps,350,FALSE,,not_in_csv
testlink,350,FALSE,,not_in_csv
global-pre-script,348,FALSE,,not_in_csv
patch-parameter,347,FALSE,,not_in_csv
tracking-svn,345,FALSE,,not_in_csv
console-tail,343,FALSE,,not_in_csv
git-chooser-alternative,343,FALSE,,not_in_csv
selenium-builder,343,FALSE,,not_in_csv
URLSCM,342,FALSE,,not_in_csv
extreme-notification,342,FALSE,,not_in_csv
perforce,341,FALSE,,not_in_csv
vs-code-metrics,341,FALSE,,not_in_csv
htmlresource,340,FALSE,,not_in_csv
tracking-git,340,FALSE,,not_in_csv
windows-cloud,340,FALSE,,not_in_csv
custom-build-properties,337,FALSE,,not_in_csv
opsgenie,337,FALSE,,not_in_csv
pipeline-restful-api,337,FALSE,,not_in_csv
jenkinslint,336,FALSE,,not_in_csv
bitbucket-kubernetes-credentials,334,FALSE,,not_in_csv
github-label-filter,334,FALSE,,not_in_csv
disable-failed-job,330,FALSE,,not_in_csv
jabber,329,FALSE,,not_in_csv
terminal,329,FALSE,,not_in_csv
groovy-events-listener-plugin,328,FALSE,,not_in_csv
job-node-stalker,328,FALSE,,not_in_csv
hsts-filter-plugin,327,FALSE,,not_in_csv
matlab,323,FALSE,,not_in_csv
release-helper,322,FALSE,,not_in_csv
rest-list-parameter,320,FALSE,,not_in_csv
saltstack,320,FALSE,,not_in_csv
template-workflows,318,FALSE,,not_in_csv
tmpcleaner,318,FALSE,,not_in_csv
ws-ws-replacement,318,FALSE,,not_in_csv
phabricator-plugin,317,FALSE,,not_in_csv
started-by-envvar,317,FALSE,,not_in_csv
macstadium-orka,315,FALSE,,not_in_csv
vncviewer,314,FALSE,,not_in_csv
wxwork-notification,313,FALSE,,not_in_csv
countjobs-viewstabbar,312,FALSE,,not_in_csv
queue-cleanup,312,FALSE,,not_in_csv
job-log-logger-plugin,311,FALSE,,not_in_csv
custom-markup-formatter,310,FALSE,,not_in_csv
svn-partial-release-mgr,309,FALSE,,not_in_csv
extended-security-settings,308,FALSE,,not_in_csv
conjur-simple-integration,307,FALSE,,not_in_csv
git-userContent,307,FALSE,,not_in_csv
sumologic-publisher,305,FALSE,,not_in_csv
aws-codecommit-trigger,302,FALSE,,not_in_csv
build-steps-from-json,301,FALSE,,not_in_csv
StashBranchParameter,300,FALSE,,not_in_csv
appscan,300,FALSE,,not_in_csv
mac,300,FALSE,,not_in_csv
dotnet-as-script,299,FALSE,,not_in_csv
uipath-automation-package,299,FALSE,,not_in_csv
view-cloner,299,FALSE,,not_in_csv
artifactory-client-api,298,FALSE,,not_in_csv
variables-replace-plugin,297,FALSE,,not_in_csv
websphere-deployer,295,FALSE,,not_in_csv
syslog-logger,294,FALSE,,not_in_csv
aws-beanstalk-publisher-plugin,293,FALSE,,not_in_csv
pretested-integration,293,FALSE,,not_in_csv
remote-terminal-access,293,FALSE,,not_in_csv
ec2-deployment-dashboard,291,FALSE,,not_in_csv
clang-scanbuild,288,FALSE,,not_in_csv
coverity,288,FALSE,,not_in_csv
fxcop-runner,288,FALSE,,not_in_csv
archived-artifact-url-viewer,287,FALSE,,not_in_csv
rvm,285,FALSE,,not_in_csv
cocoapods-integration,283,FALSE,,not_in_csv
cppncss,283,FALSE,,not_in_csv
vsts-cd,281,FALSE,,not_in_csv
covcomplplot,280,FALSE,,not_in_csv
azure-artifact-manager,279,FALSE,,not_in_csv
cctray-xml,278,FALSE,,not_in_csv
serenity,278,FALSE,,not_in_csv
distfork,277,FALSE,,not_in_csv
deployed-on-column,276,FALSE,,not_in_csv
job-fan-in,275,FALSE,,not_in_csv
cisco-spark-notifier,272,FALSE,,not_in_csv
websocket,272,FALSE,,not_in_csv
seed,271,FALSE,,not_in_csv
accelerated-build-now-plugin,270,FALSE,,not_in_csv
harbor,269,FALSE,,not_in_csv
configuration-as-code-support,267,FALSE,,not_in_csv
javancss,266,FALSE,,not_in_csv
jobrevision,266,FALSE,,not_in_csv
metrics-datadog,265,FALSE,,not_in_csv
azure-container-registry-tasks,263,FALSE,,not_in_csv
viewVC,263,FALSE,,not_in_csv
github-scm-filter-aged-refs,262,FALSE,,not_in_csv
seleniumrc-plugin,262,FALSE,,not_in_csv
matrixtieparent,261,FALSE,,not_in_csv
deployment-notification,260,FALSE,,not_in_csv
service-now,258,FALSE,,not_in_csv
jobtype-column,256,FALSE,,not_in_csv
wildfly-deployer,256,FALSE,,not_in_csv
whitesource,255,FALSE,,not_in_csv
dry-run,253,FALSE,,not_in_csv
lambdatest-automation,253,FALSE,,not_in_csv
post-completed-build-result,253,FALSE,,not_in_csv
qualys-was,253,FALSE,,not_in_csv
aws-sam,252,FALSE,,not_in_csv
pwauth,252,FALSE,,not_in_csv
database-sqlserver,249,FALSE,,not_in_csv
describe-with-params,249,FALSE,,not_in_csv
artifactory-artifact-manager,247,FALSE,,not_in_csv
flow,247,FALSE,,not_in_csv
autograding,246,FALSE,,not_in_csv
scm-manager,246,FALSE,,not_in_csv
github-scm-filter-jira-validator,245,FALSE,,not_in_csv
mq-notifier,245,FALSE,,not_in_csv
git-prebuildmerge-trait,244,FALSE,,not_in_csv
sounds,244,FALSE,,not_in_csv
selected-tests-executor,243,FALSE,,not_in_csv
lighthouse-report,242,FALSE,,not_in_csv
ranorex-integration,241,FALSE,,not_in_csv
jx-pipelines,240,FALSE,,not_in_csv
pipeline-gitstatuswrapper,239,FALSE,,not_in_csv
svncompat13,239,FALSE,,not_in_csv
msginject,238,FALSE,,not_in_csv
teams-webhook-trigger,238,FALSE,,not_in_csv
sqlserver-api,237,FALSE,,not_in_csv
pitmutation,235,FALSE,,not_in_csv
hubot-steps,234,FALSE,,not_in_csv
jslint,234,FALSE,,not_in_csv
appdynamics-dashboard,233,FALSE,,not_in_csv
linenumbers,233,FALSE,,not_in_csv
plasticscm-plugin,233,FALSE,,not_in_csv
crap4j,232,FALSE,,not_in_csv
semantic-versioning-plugin,232,FALSE,,not_in_csv
Matrix-sorter-plugin,229,FALSE,,not_in_csv
pipeline-agent-build-history,229,FALSE,,not_in_csv
project-health-report,229,FALSE,,not_in_csv
jobtag,228,FALSE,,not_in_csv
lenientshutdown,227,FALSE,,not_in_csv
scripttrigger,227,FALSE,,not_in_csv
short-workspace-path,227,FALSE,,not_in_csv
42crunch-security-audit,225,FALSE,,not_in_csv
gearman-plugin,224,FALSE,,not_in_csv
pyenv,224,FALSE,,not_in_csv
github-app-kubernetes-credentials,223,FALSE,,not_in_csv
aws-lambda-cloud,222,FALSE,,not_in_csv
dos-trigger,222,FALSE,,not_in_csv
xfpanel,221,FALSE,,not_in_csv
azure-function,220,FALSE,,not_in_csv
BlazeMeterJenkinsPlugin,219,FALSE,,not_in_csv
NegotiateSSO,219,FALSE,,not_in_csv
lastsuccessversioncolumn,218,FALSE,,not_in_csv
stepcounter,218,FALSE,,not_in_csv
muuri-api,217,FALSE,,not_in_csv
zephyr-enterprise-test-management,217,FALSE,,not_in_csv
deployer-framework,213,FALSE,,not_in_csv
memory-map,213,FALSE,,not_in_csv
build-alias-setter,212,FALSE,,not_in_csv
grypescanner,212,FALSE,,not_in_csv
google-cloudbuild,211,FALSE,,not_in_csv
metrics-graphite,210,FALSE,,not_in_csv
selenium-axis,210,FALSE,,not_in_csv
mailcommander,209,FALSE,,not_in_csv
artifact-diff-plugin,208,FALSE,,not_in_csv
gitflow,208,FALSE,,not_in_csv
pull-request-monitoring,208,FALSE,,not_in_csv
validating-email-parameter,208,FALSE,,not_in_csv
vectorcast-coverage,207,FALSE,,not_in_csv
nomad,206,FALSE,,not_in_csv
devops-portal,205,FALSE,,not_in_csv
jackson-databind,205,FALSE,,not_in_csv
ci-game,204,FALSE,,not_in_csv
coordinator,204,FALSE,,not_in_csv
digitalocean-plugin,204,FALSE,,not_in_csv
influxdb-query,204,FALSE,,not_in_csv
network-monitor,203,FALSE,,not_in_csv
bootstrap,202,FALSE,,not_in_csv
jython,202,FALSE,,not_in_csv
libvirt-slave,202,FALSE,,not_in_csv
nested-data-reporting,202,FALSE,,not_in_csv
aws-sqs-trigger,200,FALSE,,not_in_csv
thucydides,200,FALSE,,not_in_csv
BlameSubversion,199,FALSE,,not_in_csv
cucumber,199,FALSE,,not_in_csv
jenkins-flowdock-plugin,199,FALSE,,not_in_csv
periodic-reincarnation,199,FALSE,,not_in_csv
jboss,198,FALSE,,not_in_csv
config-driven-pipeline,197,FALSE,,not_in_csv
generic-event,197,FALSE,,not_in_csv
jwt-auth,197,FALSE,,not_in_csv
package-parameter,197,FALSE,,not_in_csv
parameter-pool,197,FALSE,,not_in_csv
audit2db,196,FALSE,,not_in_csv
cli-commander,196,FALSE,,not_in_csv
jsunit,196,FALSE,,not_in_csv
loadrunner-cloud,196,FALSE,,not_in_csv
mock-slave,196,FALSE,,not_in_csv
publish-over-dropbox,195,FALSE,,not_in_csv
backlog,194,FALSE,,not_in_csv
block-same-builds,193,FALSE,,not_in_csv
prqa-plugin,193,FALSE,,not_in_csv
github-coverage-reporter,192,FALSE,,not_in_csv
commons-lang-api,191,FALSE,,not_in_csv
keyboard-shortcuts-plugin,191,FALSE,,not_in_csv
loadfocus-jmeter-load-testing-integration,190,FALSE,,not_in_csv
testcomplete11-xunit,190,FALSE,,not_in_csv
regression-report-plugin,189,FALSE,,not_in_csv
azure-acs,188,FALSE,,not_in_csv
was-builder,188,FALSE,,not_in_csv
chatwork,187,FALSE,,not_in_csv
job-direct-mail,187,FALSE,,not_in_csv
vagrant,186,FALSE,,not_in_csv
metadata,184,FALSE,,not_in_csv
electricflow,183,FALSE,,not_in_csv
platformlabeler,182,FALSE,,not_in_csv
json-editor-parameter,181,FALSE,,not_in_csv
insightappsec,180,FALSE,,not_in_csv
servicenow-devops,180,FALSE,,not_in_csv
upstream-downstream-view,180,FALSE,,not_in_csv
manage-permission,179,FALSE,,not_in_csv
rabbitmq-build-trigger,179,FALSE,,not_in_csv
url-auth-sso,179,FALSE,,not_in_csv
vectorcast-execution,178,FALSE,,not_in_csv
chef-identity,176,FALSE,,not_in_csv
lastfailureversioncolumn,176,FALSE,,not_in_csv
script-realm,176,FALSE,,not_in_csv
avatar,175,FALSE,,not_in_csv
deploy-dashboard,175,FALSE,,not_in_csv
dtkit,175,FALSE,,not_in_csv
junit-sql-storage,175,FALSE,,not_in_csv
slave-proxy,174,FALSE,,not_in_csv
slave-prerequisites,173,FALSE,,not_in_csv
selenium-aes,172,FALSE,,not_in_csv
buildrotator,171,FALSE,,not_in_csv
no-agent-job-purge,171,FALSE,,not_in_csv
advanced-installer-msi-builder,170,FALSE,,not_in_csv
delete-log-plugin,169,FALSE,,not_in_csv
additional-identities-plugin,168,FALSE,,not_in_csv
numeraljs,168,FALSE,,not_in_csv
yaml-axis,168,FALSE,,not_in_csv
remote-jobs-view-plugin,167,FALSE,,not_in_csv
osf-builder-suite-standalone-sonar-linter,165,FALSE,,not_in_csv
genexus,164,FALSE,,not_in_csv
ircbot,164,FALSE,,not_in_csv
eks-token,163,FALSE,,not_in_csv
git-automerger,162,FALSE,,not_in_csv
block-build-final-project,161,FALSE,,not_in_csv
virtualbox,161,FALSE,,not_in_csv
xlrelease-plugin,161,FALSE,,not_in_csv
neoload-jenkins-plugin,160,FALSE,,not_in_csv
proxmox,160,FALSE,,not_in_csv
rpmsign-plugin,158,FALSE,,not_in_csv
cccc,156,FALSE,,not_in_csv
gitblit,156,FALSE,,not_in_csv
jobtemplates,155,FALSE,,not_in_csv
artifact-repository-parameter,154,FALSE,,not_in_csv
multi-branch-priority-sorter,154,FALSE,,not_in_csv
secure-post-script,154,FALSE,,not_in_csv
environment-labels-setter,153,FALSE,,not_in_csv
contrast-continuous-application-security,152,FALSE,,not_in_csv
security-inspector,152,FALSE,,not_in_csv
synopsys-polaris,152,FALSE,,not_in_csv
working-hours,152,FALSE,,not_in_csv
database-sqlite,151,FALSE,,not_in_csv
qualys-cs,151,FALSE,,not_in_csv
spotinst,149,FALSE,,not_in_csv
prisma-cloud-iac-scan,148,FALSE,,not_in_csv
codecover,147,FALSE,,not_in_csv
aws-cloudwatch-logs-publisher,146,FALSE,,not_in_csv
google-cloud-backup,146,FALSE,,not_in_csv
servicenow-cicd,146,FALSE,,not_in_csv
gitea-pat-kubernetes-credentials,145,FALSE,,not_in_csv
github-release,145,FALSE,,not_in_csv
codebuilder-cloud,143,FALSE,,not_in_csv
compatibility-action-storage,141,FALSE,,not_in_csv
opencover,141,FALSE,,not_in_csv
rabbitmq-publisher,141,FALSE,,not_in_csv
grails,140,FALSE,,not_in_csv
hockeyapp,139,FALSE,,not_in_csv
oracle-cloud-infrastructure-devops,139,FALSE,,not_in_csv
s3explorer,139,FALSE,,not_in_csv
integrity-plugin,137,FALSE,,not_in_csv
pipeline-keepenv-step,137,FALSE,,not_in_csv
reportportal,137,FALSE,,not_in_csv
zoom,137,FALSE,,not_in_csv
jobdelete-builder,136,FALSE,,not_in_csv
performance-signature-ui,136,FALSE,,not_in_csv
php,136,FALSE,,not_in_csv
acunetix,135,FALSE,,not_in_csv
redgate-sql-ci,135,FALSE,,not_in_csv
sidebar-update-notification,135,FALSE,,not_in_csv
trac,135,FALSE,,not_in_csv
onepassword-secrets,133,FALSE,,not_in_csv
proc-cleaner-plugin,133,FALSE,,not_in_csv
gcp-java-sdk-auth,132,FALSE,,not_in_csv
csp,131,FALSE,,not_in_csv
mongodb,131,FALSE,,not_in_csv
wix,131,FALSE,,not_in_csv
datetime-constraint,130,FALSE,,not_in_csv
graphiteIntegrator,130,FALSE,,not_in_csv
dependency-queue-plugin,129,FALSE,,not_in_csv
pipeline-bamboo,129,FALSE,,not_in_csv
qftest,129,FALSE,,not_in_csv
aqua-microscanner,128,FALSE,,not_in_csv
lambda-test-runner,128,FALSE,,not_in_csv
webhook-eventsource,128,FALSE,,not_in_csv
codebuild-cloud,127,FALSE,,not_in_csv
fireline,126,FALSE,,not_in_csv
kiuwanJenkinsPlugin,126,FALSE,,not_in_csv
micro-focus-performance-center-integration,126,FALSE,,not_in_csv
alibabacloud-credentials,125,FALSE,,not_in_csv
label-verifier,125,FALSE,,not_in_csv
phoenix-autotest,125,FALSE,,not_in_csv
rbenv,125,FALSE,,not_in_csv
leapwork,124,FALSE,,not_in_csv
teamconcert-git,124,FALSE,,not_in_csv
agent-server-parameter,123,FALSE,,not_in_csv
crossbrowsertesting,123,FALSE,,not_in_csv
ivy-report,123,FALSE,,not_in_csv
clamav,122,FALSE,,not_in_csv
consul,122,FALSE,,not_in_csv
multibranch-job-tear-down,122,FALSE,,not_in_csv
zephyr-for-jira-test-management,122,FALSE,,not_in_csv
aws-java-sdk-core,121,FALSE,,not_in_csv
dumpling,121,FALSE,,not_in_csv
form-element-path,121,FALSE,,not_in_csv
sicci_for_xcode,121,FALSE,,not_in_csv
php-builtin-web-server,120,FALSE,,not_in_csv
pipeline-keep-running-step,120,FALSE,,not_in_csv
polarion,120,FALSE,,not_in_csv
thycotic-secret-server,120,FALSE,,not_in_csv
tricentis-ci,120,FALSE,,not_in_csv
vncrecorder,120,FALSE,,not_in_csv
zulip,119,FALSE,,not_in_csv
add-changes-to-build-changelog,118,FALSE,,not_in_csv
capitomcat,118,FALSE,,not_in_csv
jobrequeue,118,FALSE,,not_in_csv
monitor-pro,118,FALSE,,not_in_csv
aio-tests,117,FALSE,,not_in_csv
aws-java-sdk-jmespath,117,FALSE,,not_in_csv
azure-vmss,117,FALSE,,not_in_csv
compound-slaves,117,FALSE,,not_in_csv
mathworks-polyspace,117,FALSE,,not_in_csv
opentelemetry-agent-metrics,117,FALSE,,not_in_csv
mock-security-realm,116,FALSE,,not_in_csv
openshift-k8s-credentials,116,FALSE,,not_in_csv
scons,115,FALSE,,not_in_csv
list-command,114,FALSE,,not_in_csv
accurev,113,FALSE,,not_in_csv
marathon,113,FALSE,,not_in_csv
tool-labels-plugin,113,FALSE,,not_in_csv
redmine-metrics-report,112,FALSE,,not_in_csv
team-views,112,FALSE,,not_in_csv
aws-java-sdk-kms,111,FALSE,,not_in_csv
selection-tasks-plugin,111,FALSE,,not_in_csv
openshift-deployer,110,FALSE,,not_in_csv
kafkalogs,109,FALSE,,not_in_csv
log-command,109,FALSE,,not_in_csv
aws-java-sdk-s3,108,FALSE,,not_in_csv
codeql,108,FALSE,,not_in_csv
enhanced-metrics,108,FALSE,,not_in_csv
gcp-java-sdk-storage,108,FALSE,,not_in_csv
jswidgets,108,FALSE,,not_in_csv
buildcontext-capture,107,FALSE,,not_in_csv
cloudbees-enabler,107,FALSE,,not_in_csv
digicert-software-trust-code-sign,107,FALSE,,not_in_csv
blackduck-security-scan,106,FALSE,,not_in_csv
livescreenshot,106,FALSE,,not_in_csv
pending-changes,106,FALSE,,not_in_csv
sms,106,FALSE,,not_in_csv
aws-java-sdk-sts,105,FALSE,,not_in_csv
commit-message-trigger-plugin,105,FALSE,,not_in_csv
ibm-security-appscanstandard-scanner,105,FALSE,,not_in_csv
kubernetes-pipeline-arquillian-steps,105,FALSE,,not_in_csv
mttr,105,FALSE,,not_in_csv
inodes-monitor,104,FALSE,,not_in_csv
kubernetes-pipeline-aggregator,104,FALSE,,not_in_csv
mixing-security-realm,104,FALSE,,not_in_csv
strawboss,104,FALSE,,not_in_csv
suppress-stack-trace,104,FALSE,,not_in_csv
sysdig-secure,104,FALSE,,not_in_csv
ftp-rename,103,FALSE,,not_in_csv
html-audio-notifier,103,FALSE,,not_in_csv
skype-notifier,103,FALSE,,not_in_csv
testproject,103,FALSE,,not_in_csv
websocketin-notification,103,FALSE,,not_in_csv
crx-content-package-deployer,102,FALSE,,not_in_csv
feature-branch-notifier,101,FALSE,,not_in_csv
labeled-test-groups-publisher,101,FALSE,,not_in_csv
r,101,FALSE,,not_in_csv
ezwall,100,FALSE,,not_in_csv
git-notes,100,FALSE,,not_in_csv
gcal,99,FALSE,,not_in_csv
jenkins-reviewbot,99,FALSE,,not_in_csv
lifx-notifier,99,FALSE,,not_in_csv
ecs-publisher,98,FALSE,,not_in_csv
offlineonfailure-plugin,98,FALSE,,not_in_csv
pipeline-gcp,98,FALSE,,not_in_csv
tuleap-api,98,FALSE,,not_in_csv
google-deployment-manager,97,FALSE,,not_in_csv
autoaction-step,96,FALSE,,not_in_csv
javatest-report,96,FALSE,,not_in_csv
testcafe,96,FALSE,,not_in_csv
CustomHistory,95,FALSE,,not_in_csv
hyper-commons,95,FALSE,,not_in_csv
spring-initalzr,95,FALSE,,not_in_csv
git-bisect,94,FALSE,,not_in_csv
violation-columns,94,FALSE,,not_in_csv
chroot,93,FALSE,,not_in_csv
clearcase-ucm-plugin,93,FALSE,,not_in_csv
debian-package-builder,93,FALSE,,not_in_csv
jmh-report,93,FALSE,,not_in_csv
conventional-commits,92,FALSE,,not_in_csv
llvm-cov,92,FALSE,,not_in_csv
windocks-start-container,92,FALSE,,not_in_csv
agent-maintenance,91,FALSE,,not_in_csv
chartjs-api,91,FALSE,,not_in_csv
chatter-notifier,91,FALSE,,not_in_csv
nowsecure-auto-security-test,91,FALSE,,not_in_csv
cpptest,90,FALSE,,not_in_csv
global-yaml-properties,90,FALSE,,not_in_csv
google-api-client-plugin,90,FALSE,,not_in_csv
jms-messaging,90,FALSE,,not_in_csv
node-sharing-executor,90,FALSE,,not_in_csv
autocancel,89,FALSE,,not_in_csv
behave-testresults-publisher,89,FALSE,,not_in_csv
database-h2,89,FALSE,,not_in_csv
internetmeme,89,FALSE,,not_in_csv
mantis,89,FALSE,,not_in_csv
slave-squatter,89,FALSE,,not_in_csv
ghost-inspector,88,FALSE,,not_in_csv
testingbot,88,FALSE,,not_in_csv
aws-yum-parameter,87,FALSE,,not_in_csv
azure-publishersettings-credentials,87,FALSE,,not_in_csv
environment-filter-utils,87,FALSE,,not_in_csv
figlet-buildstep,87,FALSE,,not_in_csv
jigomerge,87,FALSE,,not_in_csv
osf-builder-suite-for-sfcc-credentials,87,FALSE,,not_in_csv
amazon-inspector-image-scanner,86,FALSE,,not_in_csv
autocomplete-parameter,85,FALSE,,not_in_csv
benchmark,85,FALSE,,not_in_csv
chosen,85,FALSE,,not_in_csv
cloudtest,85,FALSE,,not_in_csv
dynatrace-dashboard,85,FALSE,,not_in_csv
scala-junit-name-decoder,85,FALSE,,not_in_csv
acunetix-360-scan,84,FALSE,,not_in_csv
azure-kubernetes-credentials,84,FALSE,,not_in_csv
mailmap-resolver,84,FALSE,,not_in_csv
protecode-sc,84,FALSE,,not_in_csv
qc,84,FALSE,,not_in_csv
cloudshare-docker,83,FALSE,,not_in_csv
rapid7-insightvm-container-assessment,83,FALSE,,not_in_csv
qmetry-for-jira-test-management,82,FALSE,,not_in_csv
aws-sqs,81,FALSE,,not_in_csv
blackduck-hub,81,FALSE,,not_in_csv
appaloosa-plugin,80,FALSE,,not_in_csv
datatheorem-mobile-app-security,80,FALSE,,not_in_csv
escaped-markup-plugin,80,FALSE,,not_in_csv
fabric-beta-publisher,80,FALSE,,not_in_csv
generic-tool,80,FALSE,,not_in_csv
ibm-security-appscansource-scanner,80,FALSE,,not_in_csv
oki-docki,80,FALSE,,not_in_csv
tuleap-git-branch-source,80,FALSE,,not_in_csv
fluentd,79,FALSE,,not_in_csv
jsm-alert,79,FALSE,,not_in_csv
url-filter,79,FALSE,,not_in_csv
android-apk-size-watcher,78,FALSE,,not_in_csv
cortex-metrics,78,FALSE,,not_in_csv
elasticsearch-query,78,FALSE,,not_in_csv
gnat,78,FALSE,,not_in_csv
neuvector-vulnerability-scanner,78,FALSE,,not_in_csv
scripted-cloud-plugin,78,FALSE,,not_in_csv
spring-config,78,FALSE,,not_in_csv
ui-samples-plugin,78,FALSE,,not_in_csv
blackduck-coverity-on-polaris,77,FALSE,,not_in_csv
btc-embeddedplatform,77,FALSE,,not_in_csv
kubernetes-ci,77,FALSE,,not_in_csv
osf-builder-suite-for-sfcc-deploy,77,FALSE,,not_in_csv
search-all-results-plugin,77,FALSE,,not_in_csv
testflo-for-jira-test-management-automation,77,FALSE,,not_in_csv
service-fabric,76,FALSE,,not_in_csv
clearcase-ucm-api,75,FALSE,,not_in_csv
composer-security-checker,75,FALSE,,not_in_csv
defectdojo,75,FALSE,,not_in_csv
ec2-cloud-axis,75,FALSE,,not_in_csv
hetzner-cloud,75,FALSE,,not_in_csv
hp-quality-center,75,FALSE,,not_in_csv
keeper-secrets-manager,75,FALSE,,not_in_csv
persona,75,FALSE,,not_in_csv
collabnet,74,FALSE,,not_in_csv
doktor,74,FALSE,,not_in_csv
installshield,74,FALSE,,not_in_csv
puppet,74,FALSE,,not_in_csv
vmanager-plugin,74,FALSE,,not_in_csv
aws-batch,73,FALSE,,not_in_csv
mqtt-notification-plugin,73,FALSE,,not_in_csv
scm-sqs,73,FALSE,,not_in_csv
chosen-views-tabbar,72,FALSE,,not_in_csv
jcaptcha-plugin,72,FALSE,,not_in_csv
jna-posix-api,72,FALSE,,not_in_csv
keepSlaveOffline,72,FALSE,,not_in_csv
rally-plugin,72,FALSE,,not_in_csv
dbforge-devops-automation-for-sqlserver,71,FALSE,,not_in_csv
excludeMatrixParent,71,FALSE,,not_in_csv
log-cli,71,FALSE,,not_in_csv
performance-signature-viewer,71,FALSE,,not_in_csv
beer,70,FALSE,,not_in_csv
bugzilla,70,FALSE,,not_in_csv
cygwin-process-killer,70,FALSE,,not_in_csv
ios-device-connector,70,FALSE,,not_in_csv
remoting-opentelemetry,70,FALSE,,not_in_csv
ca-service-virtualization,69,FALSE,,not_in_csv
compuware-common-configuration,69,FALSE,,not_in_csv
google-admin-sdk,69,FALSE,,not_in_csv
pathignore,69,FALSE,,not_in_csv
qualys-vm,69,FALSE,,not_in_csv
DotCi,68,FALSE,,not_in_csv
mongodb-document-upload,68,FALSE,,not_in_csv
performance-signature-dynatracesaas,68,FALSE,,not_in_csv
sourcemonitor,68,FALSE,,not_in_csv
alibabacloud-ecs,67,FALSE,,not_in_csv
azure-batch-parallel,67,FALSE,,not_in_csv
crowd,67,FALSE,,not_in_csv
qmetry-test-management,67,FALSE,,not_in_csv
extended-timer-trigger,66,FALSE,,not_in_csv
hyper-build-step,66,FALSE,,not_in_csv
database-drizzle,65,FALSE,,not_in_csv
mktmpio,65,FALSE,,not_in_csv
nsiqcollector,65,FALSE,,not_in_csv
piwikanalytics,65,FALSE,,not_in_csv
visual-basic-6,65,FALSE,,not_in_csv
zos-connector,65,FALSE,,not_in_csv
aws-java-sdk2-s3,64,FALSE,,not_in_csv
codebeamer-xunit-importer,64,FALSE,,not_in_csv
ecutest,64,FALSE,,not_in_csv
SSSCM,63,FALSE,,not_in_csv
assertthat-bdd-jira,63,FALSE,,not_in_csv
build-flow-extensions-plugin,63,FALSE,,not_in_csv
github-sqs-plugin,63,FALSE,,not_in_csv
stackrox-container-image-scanner,63,FALSE,,not_in_csv
xtrigger,63,FALSE,,not_in_csv
matrix-communication,62,FALSE,,not_in_csv
bds-plugin,61,FALSE,,not_in_csv
coverage-badges-extension,61,FALSE,,not_in_csv
cron-shelve,61,FALSE,,not_in_csv
dumpinfo-buildwrapper-plugin,61,FALSE,,not_in_csv
enhanced-credentials,61,FALSE,,not_in_csv
jwt-support,61,FALSE,,not_in_csv
validating-yaml-parameter,61,FALSE,,not_in_csv
TestFairy,60,FALSE,,not_in_csv
computer-queue-plugin,60,FALSE,,not_in_csv
maintenance-jobs-scheduler,60,FALSE,,not_in_csv
memegen,60,FALSE,,not_in_csv
simpleclearcase,60,FALSE,,not_in_csv
cloudbees-devoptics-enabler,59,FALSE,,not_in_csv
mentor-questa-vrm,59,FALSE,,not_in_csv
pipeline-huaweicloud-plugin,59,FALSE,,not_in_csv
pom2config,59,FALSE,,not_in_csv
jobcacher-artifactory-storage,58,FALSE,,not_in_csv
synopsys-security-scan,58,FALSE,,not_in_csv
ui-test-capture,58,FALSE,,not_in_csv
assembla-merge-request-builder,57,FALSE,,not_in_csv
clang-scanbuild-plugin,57,FALSE,,not_in_csv
environment-variable-page-decoration,57,FALSE,,not_in_csv
gerrit,57,FALSE,,not_in_csv
googleanalytics,57,FALSE,,not_in_csv
mabl-integration,57,FALSE,,not_in_csv
phabricator-k8s,57,FALSE,,not_in_csv
adobe-cloud-manager,56,FALSE,,not_in_csv
applitools-eyes,56,FALSE,,not_in_csv
cisco-spark,56,FALSE,,not_in_csv
google-git-notes-publisher,56,FALSE,,not_in_csv
implied-labels,56,FALSE,,not_in_csv
minio-storage,56,FALSE,,not_in_csv
monitor-remote-job,56,FALSE,,not_in_csv
sonic-ci-helper,56,FALSE,,not_in_csv
requests,55,FALSE,,not_in_csv
runscope,55,FALSE,,not_in_csv
Surround-SCM-plugin,54,FALSE,,not_in_csv
agent-loadbalance,54,FALSE,,not_in_csv
coding-webhook,54,FALSE,,not_in_csv
design-library,54,FALSE,,not_in_csv
drmemory-plugin,54,FALSE,,not_in_csv
inedo-proget,54,FALSE,,not_in_csv
logaction-plugin,54,FALSE,,not_in_csv
salesforce-migration-assistant-plugin,54,FALSE,,not_in_csv
scis-ad,54,FALSE,,not_in_csv
brakeman,53,FALSE,,not_in_csv
build-flow-toolbox-plugin,53,FALSE,,not_in_csv
console-navigation,53,FALSE,,not_in_csv
remoting-kafka,53,FALSE,,not_in_csv
build-line,52,FALSE,,not_in_csv
crowdstrike-security,52,FALSE,,not_in_csv
groovyaxis,52,FALSE,,not_in_csv
myst-plugin,52,FALSE,,not_in_csv
persistent-build-queue-plugin,52,FALSE,,not_in_csv
dotcoverrunner,51,FALSE,,not_in_csv
emmacoveragecolumn,51,FALSE,,not_in_csv
report-jtreg,51,FALSE,,not_in_csv
codedx,50,FALSE,,not_in_csv
copado,50,FALSE,,not_in_csv
performance-signature-dynatrace,50,FALSE,,not_in_csv
utplsql,50,FALSE,,not_in_csv
vss,50,FALSE,,not_in_csv
better-pipeline-flowgraph-table,49,FALSE,,not_in_csv
mysql-job-databases,49,FALSE,,not_in_csv
one-shot-executor,49,FALSE,,not_in_csv
qualys-pc,49,FALSE,,not_in_csv
venafi-codesigning,49,FALSE,,not_in_csv
qiniu,48,FALSE,,not_in_csv
associated-files,47,FALSE,,not_in_csv
codebeamer-xunit-uploader,47,FALSE,,not_in_csv
compressed_files_viewer,47,FALSE,,not_in_csv
depbuilder,47,FALSE,,not_in_csv
jenkinsci-appspider-plugin,47,FALSE,,not_in_csv
worktile,47,FALSE,,not_in_csv
ColumnsPlugin,46,FALSE,,not_in_csv
aws-java-sdk2-ecs,46,FALSE,,not_in_csv
dbCharts,46,FALSE,,not_in_csv
device-watcher,46,FALSE,,not_in_csv
drecycler,46,FALSE,,not_in_csv
osf-builder-suite-for-sfcc-data-import,46,FALSE,,not_in_csv
play-autotest-plugin,46,FALSE,,not_in_csv
provar-automation,46,FALSE,,not_in_csv
infisical,45,FALSE,,not_in_csv
results-cache,45,FALSE,,not_in_csv
setenv,45,FALSE,,not_in_csv
tekton-client,45,FALSE,,not_in_csv
aws-beanstalk-releaser,44,FALSE,,not_in_csv
codefresh,44,FALSE,,not_in_csv
cvs-tag,44,FALSE,,not_in_csv
jshint-checkstyle,44,FALSE,,not_in_csv
pipeline-classpath,44,FALSE,,not_in_csv
TwilioNotifier,43,FALSE,,not_in_csv
clearcase-ucm-baseline,43,FALSE,,not_in_csv
assembla,42,FALSE,,not_in_csv
ci-skip,42,FALSE,,not_in_csv
diagnostics,42,FALSE,,not_in_csv
gitcolony-plugin,42,FALSE,,not_in_csv
leiningen-plugin,42,FALSE,,not_in_csv
logback-nats-appender,42,FALSE,,not_in_csv
neuro-cucumber,42,FALSE,,not_in_csv
storable-configs-plugin,42,FALSE,,not_in_csv
buckminster,41,FALSE,,not_in_csv
cloudbees-plugin-gateway,41,FALSE,,not_in_csv
paginated-builds,41,FALSE,,not_in_csv
perl,41,FALSE,,not_in_csv
plain-text-console-link,41,FALSE,,not_in_csv
redis-fingerprint-storage,41,FALSE,,not_in_csv
rubymotion,41,FALSE,,not_in_csv
alauda-kubernetes-support,40,FALSE,,not_in_csv
catlight,40,FALSE,,not_in_csv
chef-cookbook-pipeline,40,FALSE,,not_in_csv
chrome-frame-plugin,40,FALSE,,not_in_csv
environment-manager,40,FALSE,,not_in_csv
youtrack-plugin,40,FALSE,,not_in_csv
chef,39,FALSE,,not_in_csv
cluster-stats,39,FALSE,,not_in_csv
issue-link,39,FALSE,,not_in_csv
keep-slave-disconnected,39,FALSE,,not_in_csv
recipe,39,FALSE,,not_in_csv
scm-httpclient,39,FALSE,,not_in_csv
deploygate-plugin,38,FALSE,,not_in_csv
kubesphere-token-auth,38,FALSE,,not_in_csv
skytap,38,FALSE,,not_in_csv
testflight,38,FALSE,,not_in_csv
veracode-scanner,38,FALSE,,not_in_csv
build-flow-test-aggregator,37,FALSE,,not_in_csv
concordionpresenter,37,FALSE,,not_in_csv
growl,37,FALSE,,not_in_csv
redhat-dependency-analytics,37,FALSE,,not_in_csv
vmware-vrealize-automation-plugin,37,FALSE,,not_in_csv
zmq-event-publisher,37,FALSE,,not_in_csv
aws-java-sdk2-iam,36,FALSE,,not_in_csv
chef-tracking,36,FALSE,,not_in_csv
debian-pbuilder,36,FALSE,,not_in_csv
fortify-cloudscan-jenkins-plugin,36,FALSE,,not_in_csv
nirmata,36,FALSE,,not_in_csv
puppet-enterprise-pipeline,36,FALSE,,not_in_csv
restricted-register,36,FALSE,,not_in_csv
scm-filter-jervis,36,FALSE,,not_in_csv
synergy,36,FALSE,,not_in_csv
testsigma,36,FALSE,,not_in_csv
DotCi-DockerPublish,35,FALSE,,not_in_csv
async-job,35,FALSE,,not_in_csv
aws-java-sdk2-secretsmanager,35,FALSE,,not_in_csv
cloudshell-sandbox,35,FALSE,,not_in_csv
distTest,35,FALSE,,not_in_csv
exclusive-label-plugin,35,FALSE,,not_in_csv
gem-publisher,35,FALSE,,not_in_csv
google-analytics-usage-reporter,35,FALSE,,not_in_csv
aws-java-sdk2-lambda,34,FALSE,,not_in_csv
bazaar,34,FALSE,,not_in_csv
concurrent-login-plugin,34,FALSE,,not_in_csv
generic-environment-filters,34,FALSE,,not_in_csv
mend-cloud-native-security-scanner,34,FALSE,,not_in_csv
trac-publisher-plugin,34,FALSE,,not_in_csv
wavefront,34,FALSE,,not_in_csv
aws-java-sdk2-cloudformation,33,FALSE,,not_in_csv
benchmark-evaluator,33,FALSE,,not_in_csv
deployment-sphere,33,FALSE,,not_in_csv
fortify360,33,FALSE,,not_in_csv
inflectra-spira-integration,33,FALSE,,not_in_csv
instana,33,FALSE,,not_in_csv
locked-files-report,33,FALSE,,not_in_csv
mdtool,33,FALSE,,not_in_csv
openedge,33,FALSE,,not_in_csv
tics,33,FALSE,,not_in_csv
appetize,32,FALSE,,not_in_csv
bearychat,32,FALSE,,not_in_csv
gcm-notification,32,FALSE,,not_in_csv
jucies,32,FALSE,,not_in_csv
osf-builder-suite-for-sfcc-run-job,32,FALSE,,not_in_csv
pipeline-giphy-api,32,FALSE,,not_in_csv
rb,32,FALSE,,not_in_csv
schedule-failed-builds,32,FALSE,,not_in_csv
simple-travis-runner,32,FALSE,,not_in_csv
testabilityexplorer,32,FALSE,,not_in_csv
aws-java-sdk2-cloudfront,31,FALSE,,not_in_csv
aws-java-sdk2-ssm,31,FALSE,,not_in_csv
codebeamer-coverage-publisher,31,FALSE,,not_in_csv
codescanner,31,FALSE,,not_in_csv
eclipse-update-site,31,FALSE,,not_in_csv
google-cloud-health-check,31,FALSE,,not_in_csv
m2-extra-steps,31,FALSE,,not_in_csv
starteam,31,FALSE,,not_in_csv
tuleap-oauth,31,FALSE,,not_in_csv
xpath-config-viewer,31,FALSE,,not_in_csv
deploydb,30,FALSE,,not_in_csv
emotional-hudson,30,FALSE,,not_in_csv
partyparrotstatus,30,FALSE,,not_in_csv
rad-builder,30,FALSE,,not_in_csv
redis-notifier,30,FALSE,,not_in_csv
shared-library-version-override,30,FALSE,,not_in_csv
teamscale-upload,30,FALSE,,not_in_csv
xlrelease-var-setter,30,FALSE,,not_in_csv
anka-build,29,FALSE,,not_in_csv
arachni-scanner,29,FALSE,,not_in_csv
assembla-auth,29,FALSE,,not_in_csv
azure-dev-spaces,29,FALSE,,not_in_csv
codebeamer-result-trend-updater,29,FALSE,,not_in_csv
codescene,29,FALSE,,not_in_csv
extension-filter,29,FALSE,,not_in_csv
fast-track,29,FALSE,,not_in_csv
gating-core,29,FALSE,,not_in_csv
kanboard,29,FALSE,,not_in_csv
mariadb-api,29,FALSE,,not_in_csv
nodepool-agents,29,FALSE,,not_in_csv
signal-killer,29,FALSE,,not_in_csv
testquality-updater,29,FALSE,,not_in_csv
view26,29,FALSE,,not_in_csv
views-containing-job,29,FALSE,,not_in_csv
vmware-vrealize-orchestrator,29,FALSE,,not_in_csv
abap-ci,28,FALSE,,not_in_csv
accelq-ci-connect,28,FALSE,,not_in_csv
aws-java-sdk2-autoscaling,28,FALSE,,not_in_csv
aws-java-sdk2-sns,28,FALSE,,not_in_csv
huaweicloud-credentials,28,FALSE,,not_in_csv
jbpm-workflow-plugin,28,FALSE,,not_in_csv
pangolin-testrail-connector,28,FALSE,,not_in_csv
pragprog,28,FALSE,,not_in_csv
unicorn,28,FALSE,,not_in_csv
urbancode-velocity,28,FALSE,,not_in_csv
AdaptivePlugin,27,FALSE,,not_in_csv
aqua-serverless,27,FALSE,,not_in_csv
browser-axis-plugin,27,FALSE,,not_in_csv
compuware-topaz-for-total-test,27,FALSE,,not_in_csv
defensics,27,FALSE,,not_in_csv
delphix,27,FALSE,,not_in_csv
diawi-upload,27,FALSE,,not_in_csv
hue-light,27,FALSE,,not_in_csv
ifttt-build-notifier,27,FALSE,,not_in_csv
metrics-aggregation,27,FALSE,,not_in_csv
remote-result-trigger,27,FALSE,,not_in_csv
rqm-plugin,27,FALSE,,not_in_csv
aws-java-sdk2-cloudwatchlogs,26,FALSE,,not_in_csv
azure-event-grid-notifier,26,FALSE,,not_in_csv
bmc-rpd,26,FALSE,,not_in_csv
build-node-column,26,FALSE,,not_in_csv
continuum,26,FALSE,,not_in_csv
deepsecurity-smartcheck,26,FALSE,,not_in_csv
flock,26,FALSE,,not_in_csv
gallio,26,FALSE,,not_in_csv
labmanager,26,FALSE,,not_in_csv
netdomain-labeler,26,FALSE,,not_in_csv
nopmdcheck,26,FALSE,,not_in_csv
pipeline-project-env,26,FALSE,,not_in_csv
probely-security,26,FALSE,,not_in_csv
unreliable-slave-plugin,26,FALSE,,not_in_csv
aws-java-sdk2-cloudwatch,25,FALSE,,not_in_csv
ci-with-toad-devops-toolkit,25,FALSE,,not_in_csv
clearcase-release,25,FALSE,,not_in_csv
crittercism-dsym,25,FALSE,,not_in_csv
ibm-cloud-devops,25,FALSE,,not_in_csv
loadninja,25,FALSE,,not_in_csv
misra-compliance-report-generator,25,FALSE,,not_in_csv
skip-cron-rebuild,25,FALSE,,not_in_csv
url-auth,25,FALSE,,not_in_csv
aws-java-sdk2-codedeploy,24,FALSE,,not_in_csv
bumblebee,24,FALSE,,not_in_csv
compuware-topaz-utilities,24,FALSE,,not_in_csv
database-mariadb,24,FALSE,,not_in_csv
dimensionsscm,24,FALSE,,not_in_csv
ecu-test-execution,24,FALSE,,not_in_csv
extreme-feedback,24,FALSE,,not_in_csv
housekeeper,24,FALSE,,not_in_csv
kmap-jenkins,24,FALSE,,not_in_csv
machine-learning,24,FALSE,,not_in_csv
octoperf,24,FALSE,,not_in_csv
pvcs_scm,24,FALSE,,not_in_csv
remoting-security-workaround,24,FALSE,,not_in_csv
shortcut-job,24,FALSE,,not_in_csv
thread-dump-action-plugin,24,FALSE,,not_in_csv
aws-java-sdk2-apigateway,23,FALSE,,not_in_csv
aws-java-sdk2-codebuild,23,FALSE,,not_in_csv
aws-java-sdk2-elasticloadbalancingv2,23,FALSE,,not_in_csv
azure-cosmosdb,23,FALSE,,not_in_csv
cloudbees-feature-management,23,FALSE,,not_in_csv
copyarchiver,23,FALSE,,not_in_csv
rallyBuild,23,FALSE,,not_in_csv
rancher,23,FALSE,,not_in_csv
testdroid-run-in-cloud,23,FALSE,,not_in_csv
adaptive-disconnector,22,FALSE,,not_in_csv
attention,22,FALSE,,not_in_csv
compuware-scm-downloader,22,FALSE,,not_in_csv
open-stf,22,FALSE,,not_in_csv
parallels-desktop,22,FALSE,,not_in_csv
portshift-scanner,22,FALSE,,not_in_csv
rapiddeploy-jenkins,22,FALSE,,not_in_csv
safe-batch-environment-filter,22,FALSE,,not_in_csv
zanata,22,FALSE,,not_in_csv
aws-java-sdk2-elasticbeanstalk,21,FALSE,,not_in_csv
postgresql-fingerprint-storage,21,FALSE,,not_in_csv
pry,21,FALSE,,not_in_csv
random-job-builder,21,FALSE,,not_in_csv
rhnpush-plugin,21,FALSE,,not_in_csv
rrod,21,FALSE,,not_in_csv
sasunit-plugin,21,FALSE,,not_in_csv
tag-profiler,21,FALSE,,not_in_csv
talend,21,FALSE,,not_in_csv
vault-scm-plugin,21,FALSE,,not_in_csv
SCTMExecutor,20,FALSE,,not_in_csv
app-detector,20,FALSE,,not_in_csv
aws-java-sdk2-efs,20,FALSE,,not_in_csv
aws-java-sdk2-organizations,20,FALSE,,not_in_csv
casdoor-auth,20,FALSE,,not_in_csv
cloudify,20,FALSE,,not_in_csv
compuware-xpediter-code-coverage,20,FALSE,,not_in_csv
eggplant-runner,20,FALSE,,not_in_csv
ipmessenger-plugin,20,FALSE,,not_in_csv
jenkins-tag-cloud-plugin,20,FALSE,,not_in_csv
jslint-checkstyle,20,FALSE,,not_in_csv
link-column,20,FALSE,,not_in_csv
perfectomobile,20,FALSE,,not_in_csv
propelo-job-reporter,20,FALSE,,not_in_csv
sametime,20,FALSE,,not_in_csv
script-scm,20,FALSE,,not_in_csv
sealights,20,FALSE,,not_in_csv
singleuseslave,20,FALSE,,not_in_csv
thycotic-devops-secrets-vault,20,FALSE,,not_in_csv
alauda-devops-credentials-provider,19,FALSE,,not_in_csv
aws-java-sdk2-sqs,19,FALSE,,not_in_csv
dagshub-branch-source,19,FALSE,,not_in_csv
drupal-developer,19,FALSE,,not_in_csv
ontrack,19,FALSE,,not_in_csv
package-drone,19,FALSE,,not_in_csv
plasticscm-mergebot,19,FALSE,,not_in_csv
portscanner,19,FALSE,,not_in_csv
clif-performance-testing,18,FALSE,,not_in_csv
compuware-ispw-operations,18,FALSE,,not_in_csv
daily-quote,18,FALSE,,not_in_csv
dotcommonitor-loadview,18,FALSE,,not_in_csv
flashlog-plugin,18,FALSE,,not_in_csv
hp-operations-orchestration-automation-execution-plugin,18,FALSE,,not_in_csv
ibm-application-security,18,FALSE,,not_in_csv
nuclei,18,FALSE,,not_in_csv
piketec-tpt,18,FALSE,,not_in_csv
policycenter-gate-validator,18,FALSE,,not_in_csv
twitter,18,FALSE,,not_in_csv
webload,18,FALSE,,not_in_csv
blueocean-analytics-tools,17,FALSE,,not_in_csv
comments-remover,17,FALSE,,not_in_csv
elasticbox,17,FALSE,,not_in_csv
helix-teamhub,17,FALSE,,not_in_csv
loadimpact-plugin,17,FALSE,,not_in_csv
meliora-testlab,17,FALSE,,not_in_csv
nopmdverifytrac,17,FALSE,,not_in_csv
packagecloud,17,FALSE,,not_in_csv
people-redirector,17,FALSE,,not_in_csv
zdevops,17,FALSE,,not_in_csv
alauda-pipeline,16,FALSE,,not_in_csv
appio,16,FALSE,,not_in_csv
aws-java-sdk2-kinesis,16,FALSE,,not_in_csv
azure-iot-edge,16,FALSE,,not_in_csv
deploy-integrationserver,16,FALSE,,not_in_csv
digicert-software-trust-gpg-sign,16,FALSE,,not_in_csv
externalresource-dispatcher,16,FALSE,,not_in_csv
harvest,16,FALSE,,not_in_csv
oracle-cloud-infrastructure-compute-classic,16,FALSE,,not_in_csv
perfecto,16,FALSE,,not_in_csv
pipeline-cloudwatch-logs,16,FALSE,,not_in_csv
qualys-iac-security,16,FALSE,,not_in_csv
report-diff,16,FALSE,,not_in_csv
send-stacktrace-to-eclipse-plugin,16,FALSE,,not_in_csv
tibco-builder,16,FALSE,,not_in_csv
vmware-vrealize-codestream,16,FALSE,,not_in_csv
wallarm-fast,16,FALSE,,not_in_csv
cloudevents,15,FALSE,,not_in_csv
eiffel-broadcaster,15,FALSE,,not_in_csv
forticwp-cicd,15,FALSE,,not_in_csv
gcr-scanner,15,FALSE,,not_in_csv
icn-plugin-loader,15,FALSE,,not_in_csv
japex,15,FALSE,,not_in_csv
jenkins-testswarm-plugin,15,FALSE,,not_in_csv
lacework-security-scanner,15,FALSE,,not_in_csv
loadfocus-loadtest,15,FALSE,,not_in_csv
overops-query,15,FALSE,,not_in_csv
pipeline-reporter-by-redpen,15,FALSE,,not_in_csv
sra-deploy,15,FALSE,,not_in_csv
srcclr-installer,15,FALSE,,not_in_csv
stoplightio-report,15,FALSE,,not_in_csv
zaproxy,15,FALSE,,not_in_csv
zohosprints,15,FALSE,,not_in_csv
ctrf-json,14,FALSE,,not_in_csv
hugo,14,FALSE,,not_in_csv
jx-resources,14,FALSE,,not_in_csv
s3-jobcacher-storage,14,FALSE,,not_in_csv
secret,14,FALSE,,not_in_csv
sematext,14,FALSE,,not_in_csv
slsa,14,FALSE,,not_in_csv
tanaguru,14,FALSE,,not_in_csv
travis-yml,14,FALSE,,not_in_csv
vboxwrapper,14,FALSE,,not_in_csv
workplace-notifier,14,FALSE,,not_in_csv
yandex-cloud-workers,14,FALSE,,not_in_csv
bigpanda-jenkins,13,FALSE,,not_in_csv
blink1,13,FALSE,,not_in_csv
ca-apm,13,FALSE,,not_in_csv
hyper-slaves,13,FALSE,,not_in_csv
itms-junit-report-publisher,13,FALSE,,not_in_csv
job-strongauth-simple,13,FALSE,,not_in_csv
osf-builder-suite-xml-linter,13,FALSE,,not_in_csv
tattletale-plugin,13,FALSE,,not_in_csv
tinfoil-scan,13,FALSE,,not_in_csv
wiz-scanner,13,FALSE,,not_in_csv
ws-execution-manager,13,FALSE,,not_in_csv
wso2id-oauth,13,FALSE,,not_in_csv
ApicaLoadtest,12,FALSE,,not_in_csv
azure-slave-plugin,12,FALSE,,not_in_csv
bitkeeper,12,FALSE,,not_in_csv
ci-with-toad-edge,12,FALSE,,not_in_csv
config-rotator,12,FALSE,,not_in_csv
ease-plugin,12,FALSE,,not_in_csv
experitest-cloud,12,FALSE,,not_in_csv
flexdeploy,12,FALSE,,not_in_csv
hpe-network-virtualization,12,FALSE,,not_in_csv
javanet-uploader,12,FALSE,,not_in_csv
oes-template,12,FALSE,,not_in_csv
quayio-trigger,12,FALSE,,not_in_csv
rigor-optimization,12,FALSE,,not_in_csv
smilehubnotifier,12,FALSE,,not_in_csv
sonatype-ci,12,FALSE,,not_in_csv
squashtm-publisher,12,FALSE,,not_in_csv
transifex,12,FALSE,,not_in_csv
updatebot,12,FALSE,,not_in_csv
url-change-trigger,12,FALSE,,not_in_csv
vrealize-automation-8,12,FALSE,,not_in_csv
absint-astree,11,FALSE,,not_in_csv
alibabacloud-edas,11,FALSE,,not_in_csv
beagle-security,11,FALSE,,not_in_csv
black-duck-sigma,11,FALSE,,not_in_csv
codethreat-scanner,11,FALSE,,not_in_csv
deployhub,11,FALSE,,not_in_csv
eggplant-plugin,11,FALSE,,not_in_csv
failedJobDeactivator,11,FALSE,,not_in_csv
hadoop,11,FALSE,,not_in_csv
imagecomparison,11,FALSE,,not_in_csv
logentries,11,FALSE,,not_in_csv
mock-load-builder,11,FALSE,,not_in_csv
report-generic-chart-column,11,FALSE,,not_in_csv
reqtify,11,FALSE,,not_in_csv
sahagin,11,FALSE,,not_in_csv
schedule-build-plugin,11,FALSE,,not_in_csv
synopsys-sigma,11,FALSE,,not_in_csv
wsap,11,FALSE,,not_in_csv
DotCi-InstallPackages,10,FALSE,,not_in_csv
copr,10,FALSE,,not_in_csv
embotics-vcommander,10,FALSE,,not_in_csv
exam,10,FALSE,,not_in_csv
helix-alm-test-management,10,FALSE,,not_in_csv
jobcacher-azure-storage,10,FALSE,,not_in_csv
jprt,10,FALSE,,not_in_csv
markdown-params,10,FALSE,,not_in_csv
opslevel,10,FALSE,,not_in_csv
packageversion,10,FALSE,,not_in_csv
qualys-api-security,10,FALSE,,not_in_csv
reactor-plugin,10,FALSE,,not_in_csv
relution-publisher,10,FALSE,,not_in_csv
sinatra-chef-builder,10,FALSE,,not_in_csv
skenai,10,FALSE,,not_in_csv
threadfix,10,FALSE,,not_in_csv
absint-a3,9,FALSE,,not_in_csv
alibabacloud-pkg-deployment,9,FALSE,,not_in_csv
arestocats,9,FALSE,,not_in_csv
cavisson-ns-nd-integration,9,FALSE,,not_in_csv
cerberus-testing,9,FALSE,,not_in_csv
cmvc,9,FALSE,,not_in_csv
collabnet-automic-deploy,9,FALSE,,not_in_csv
external-scheduler,9,FALSE,,not_in_csv
fogbugz,9,FALSE,,not_in_csv
google-analyze-code-security,9,FALSE,,not_in_csv
huaweicloud-ecs,9,FALSE,,not_in_csv
hudson-logaction-plugin,9,FALSE,,not_in_csv
humbug,9,FALSE,,not_in_csv
inedo-buildmaster,9,FALSE,,not_in_csv
karaf-build-step,9,FALSE,,not_in_csv
koji,9,FALSE,,not_in_csv
metadefender,9,FALSE,,not_in_csv
qrebel,9,FALSE,,not_in_csv
stackify-deployment-recorder,9,FALSE,,not_in_csv
testopia,9,FALSE,,not_in_csv
updraft-publisher,9,FALSE,,not_in_csv
walti,9,FALSE,,not_in_csv
apifortress,8,FALSE,,not_in_csv
artifactz,8,FALSE,,not_in_csv
blackduck-installer,8,FALSE,,not_in_csv
build-executors-filter-offline,8,FALSE,,not_in_csv
cloudhub-deployer,8,FALSE,,not_in_csv
cppunit,8,FALSE,,not_in_csv
deveo,8,FALSE,,not_in_csv
environment-variables-status-sync,8,FALSE,,not_in_csv
extensivetesting,8,FALSE,,not_in_csv
mdt-deployment,8,FALSE,,not_in_csv
node-sharing-orchestrator,8,FALSE,,not_in_csv
perl-smoke-test,8,FALSE,,not_in_csv
redhat-codeready-dependency-analysis,8,FALSE,,not_in_csv
screenrecorder,8,FALSE,,not_in_csv
shutdown-queue,8,FALSE,,not_in_csv
smartfrog-plugin,8,FALSE,,not_in_csv
statuspage-gating,8,FALSE,,not_in_csv
testkube-cli,8,FALSE,,not_in_csv
teststudio,8,FALSE,,not_in_csv
uithemes,8,FALSE,,not_in_csv
admin-params,7,FALSE,,not_in_csv
appcircle-testing-distribution,7,FALSE,,not_in_csv
appdome-build-2secure,7,FALSE,,not_in_csv
chaos-butler,7,FALSE,,not_in_csv
cloudbees-disk-usage-simple-plugin,7,FALSE,,not_in_csv
cloudbees-enterprise-plugins,7,FALSE,,not_in_csv
codescan,7,FALSE,,not_in_csv
conflict-aware-ondemand-strategy,7,FALSE,,not_in_csv
container-image-link,7,FALSE,,not_in_csv
graphql-server,7,FALSE,,not_in_csv
hudson-startup-trigger,7,FALSE,,not_in_csv
icq-notification,7,FALSE,,not_in_csv
jbpm-embedded-plugin,7,FALSE,,not_in_csv
klaros-testmanagement,7,FALSE,,not_in_csv
loaderio-jenkins-plugin,7,FALSE,,not_in_csv
metrics-ganglia,7,FALSE,,not_in_csv
onesky,7,FALSE,,not_in_csv
secone-security,7,FALSE,,not_in_csv
sofy-ai,7,FALSE,,not_in_csv
split-admin,7,FALSE,,not_in_csv
vdoo-vision,7,FALSE,,not_in_csv
venafi-vcert,7,FALSE,,not_in_csv
visualexpert,7,FALSE,,not_in_csv
SBuild,6,FALSE,,not_in_csv
aws-java-sdk2-logs,6,FALSE,,not_in_csv
boot-clj,6,FALSE,,not_in_csv
cloudguard-shiftleft,6,FALSE,,not_in_csv
compuware-strobe-measurement,6,FALSE,,not_in_csv
datical-db-plugin,6,FALSE,,not_in_csv
deadmanssnitch,6,FALSE,,not_in_csv
description-column,6,FALSE,,not_in_csv
girls,6,FALSE,,not_in_csv
in-toto,6,FALSE,,not_in_csv
itest,6,FALSE,,not_in_csv
jenkins-infra-test,6,FALSE,,not_in_csv
jmeter,6,FALSE,,not_in_csv
nutanix-calm,6,FALSE,,not_in_csv
peass-ci,6,FALSE,,not_in_csv
poll-mailbox-trigger,6,FALSE,,not_in_csv
qualityclouds,6,FALSE,,not_in_csv
r7insight-log-forwarder,6,FALSE,,not_in_csv
railflow-testrail,6,FALSE,,not_in_csv
silk-performer-plugin,6,FALSE,,not_in_csv
simpleupdatesite,6,FALSE,,not_in_csv
tuxdroid,6,FALSE,,not_in_csv
vaddy-plugin,6,FALSE,,not_in_csv
viber-notification,6,FALSE,,not_in_csv
xcp-ci,6,FALSE,,not_in_csv
yammer,6,FALSE,,not_in_csv
GatekeeperPlugin,5,FALSE,,not_in_csv
HiddenParameter,5,FALSE,,not_in_csv
alauda-devops-pipeline,5,FALSE,,not_in_csv
amqp-build-trigger,5,FALSE,,not_in_csv
argus-notifier,5,FALSE,,not_in_csv
ascentialtest-cmd-line,5,FALSE,,not_in_csv
build-configurator,5,FALSE,,not_in_csv
carbonetes-serverless-container-scanning-and-policy-compliance,5,FALSE,,not_in_csv
cas1,5,FALSE,,not_in_csv
catalogic-ecx,5,FALSE,,not_in_csv
cdevents,5,FALSE,,not_in_csv
cloudbees-deployer-plugin,5,FALSE,,not_in_csv
cloudcoreo-deploytime,5,FALSE,,not_in_csv
codeclimate-plugin,5,FALSE,,not_in_csv
compuware-topaz-for-enterprise-data,5,FALSE,,not_in_csv
compuware-zadviser-api,5,FALSE,,not_in_csv
finite-state-third-party-upload,5,FALSE,,not_in_csv
headspin,5,FALSE,,not_in_csv
javanet,5,FALSE,,not_in_csv
jdcloud-codedeploy,5,FALSE,,not_in_csv
jenkinswalldisplay-pom,5,FALSE,,not_in_csv
loadrunner,5,FALSE,,not_in_csv
monkit-plugin,5,FALSE,,not_in_csv
nis-notification-lamp,5,FALSE,,not_in_csv
pureload,5,FALSE,,not_in_csv
security-no-captcha,5,FALSE,,not_in_csv
simplify-qa-connector,5,FALSE,,not_in_csv
speaks,5,FALSE,,not_in_csv
ssh2easy-plugin,5,FALSE,,not_in_csv
suite-test-groups-publisher,5,FALSE,,not_in_csv
tcl,5,FALSE,,not_in_csv
teststudioapitesting,5,FALSE,,not_in_csv
typetalk,5,FALSE,,not_in_csv
ws-ctm,5,FALSE,,not_in_csv
CFLint,4,FALSE,,not_in_csv
ColumnPack-plugin,4,FALSE,,not_in_csv
beaker-builder,4,FALSE,,not_in_csv
binary-deployer,4,FALSE,,not_in_csv
breachlock-dast,4,FALSE,,not_in_csv
build-health-cache-updater,4,FALSE,,not_in_csv
ca-mat-performance-benchmarking-by-broadcom,4,FALSE,,not_in_csv
darcs,4,FALSE,,not_in_csv
dockerhub,4,FALSE,,not_in_csv
eagle-tester,4,FALSE,,not_in_csv
finite-state-binary-scan,4,FALSE,,not_in_csv
ibmi-steps,4,FALSE,,not_in_csv
icescrum,4,FALSE,,not_in_csv
kryptowire,4,FALSE,,not_in_csv
loadium,4,FALSE,,not_in_csv
matomo-analytics,4,FALSE,,not_in_csv
mergebase-sca,4,FALSE,,not_in_csv
nerrvana-plugin,4,FALSE,,not_in_csv
non-dynamic-hello-world,4,FALSE,,not_in_csv
nouvola-divecloud,4,FALSE,,not_in_csv
openstack-heat,4,FALSE,,not_in_csv
rusalad-plugin,4,FALSE,,not_in_csv
snowglobe,4,FALSE,,not_in_csv
soos-sca,4,FALSE,,not_in_csv
stackhammer,4,FALSE,,not_in_csv
thycotic-vault,4,FALSE,,not_in_csv
trunk-io,4,FALSE,,not_in_csv
writable-filesystem-monitor,4,FALSE,,not_in_csv
xltestview-plugin,4,FALSE,,not_in_csv
zscaler-iac-scan,4,FALSE,,not_in_csv
appcircle-enterprise-store,3,FALSE,,not_in_csv
appdome-validate-2secure,3,FALSE,,not_in_csv
appknox-scanner,3,FALSE,,not_in_csv
appthwack,3,FALSE,,not_in_csv
asakusa-satellite-plugin,3,FALSE,,not_in_csv
autify,3,FALSE,,not_in_csv
aws-java-sdk2-api-gateway,3,FALSE,,not_in_csv
bmc-cfa,3,FALSE,,not_in_csv
build-requester,3,FALSE,,not_in_csv
buildcoin-plugin,3,FALSE,,not_in_csv
caliper-ci,3,FALSE,,not_in_csv
collabnet-uc4-deploy,3,FALSE,,not_in_csv
couchdb-statistics,3,FALSE,,not_in_csv
create-fingerprint-plugin,3,FALSE,,not_in_csv
datadog-build-reporter,3,FALSE,,not_in_csv
delta-cloud,3,FALSE,,not_in_csv
devstack,3,FALSE,,not_in_csv
discobit-autoconfig,3,FALSE,,not_in_csv
dlisting-cov,3,FALSE,,not_in_csv
elOyente,3,FALSE,,not_in_csv
event-announcer,3,FALSE,,not_in_csv
flexteam,3,FALSE,,not_in_csv
foreman-node-sharing,3,FALSE,,not_in_csv
gamekins,3,FALSE,,not_in_csv
global-pipeline-parameters,3,FALSE,,not_in_csv
habitat,3,FALSE,,not_in_csv
hipchat-plugin,3,FALSE,,not_in_csv
jabber-server-plugin,3,FALSE,,not_in_csv
jbehave-hudson-plugin,3,FALSE,,not_in_csv
jenkins-leiningen,3,FALSE,,not_in_csv
jenkins-tracker,3,FALSE,,not_in_csv
jianliao,3,FALSE,,not_in_csv
loadcomplete,3,FALSE,,not_in_csv
lotus-connections-plugin,3,FALSE,,not_in_csv
oak9,3,FALSE,,not_in_csv
oslc-cm,3,FALSE,,not_in_csv
otabuilder,3,FALSE,,not_in_csv
pipeline-editor,3,FALSE,,not_in_csv
rally-update-plugin-1,3,FALSE,,not_in_csv
refit,3,FALSE,,not_in_csv
rtc,3,FALSE,,not_in_csv
sdelements,3,FALSE,,not_in_csv
sideex,3,FALSE,,not_in_csv
simplifyqa-pipeline-executor,3,FALSE,,not_in_csv
smalltest,3,FALSE,,not_in_csv
sms-notification,3,FALSE,,not_in_csv
sweagle,3,FALSE,,not_in_csv
themis,3,FALSE,,not_in_csv
usemango-runner,3,FALSE,,not_in_csv
visualworks-store,3,FALSE,,not_in_csv
wattspeed,3,FALSE,,not_in_csv
weibo,3,FALSE,,not_in_csv
wetest-automation,3,FALSE,,not_in_csv
zohoqengine,3,FALSE,,not_in_csv
apimap,2,FALSE,,not_in_csv
application-director-plugin,2,FALSE,,not_in_csv
appray,2,FALSE,,not_in_csv
apprenda,2,FALSE,,not_in_csv
aribot,2,FALSE,,not_in_csv
autonomiq,2,FALSE,,not_in_csv
cachet-gating,2,FALSE,,not_in_csv
carl,2,FALSE,,not_in_csv
easyqa,2,FALSE,,not_in_csv
elastest,2,FALSE,,not_in_csv
first-plugin,2,FALSE,,not_in_csv
gitorious,2,FALSE,,not_in_csv
hall-jenkins,2,FALSE,,not_in_csv
heroku-jenkins-plugin,2,FALSE,,not_in_csv
ikachan,2,FALSE,,not_in_csv
immuniweb,2,FALSE,,not_in_csv
incapptic-connect-uploader,2,FALSE,,not_in_csv
jacked,2,FALSE,,not_in_csv
jenkinspider,2,FALSE,,not_in_csv
jetbrains-space,2,FALSE,,not_in_csv
jsgames,2,FALSE,,not_in_csv
levo,2,FALSE,,not_in_csv
liverebel-deploy,2,FALSE,,not_in_csv
log-flow-visualizer,2,FALSE,,not_in_csv
lsf-cloud,2,FALSE,,not_in_csv
nodeofflinenotification,2,FALSE,,not_in_csv
notifo,2,FALSE,,not_in_csv
oversecured,2,FALSE,,not_in_csv
preflight-integration,2,FALSE,,not_in_csv
queueredirector,2,FALSE,,not_in_csv
radargun,2,FALSE,,not_in_csv
rpi-build-status,2,FALSE,,not_in_csv
scm-branch-pr-filter,2,FALSE,,not_in_csv
secone-sca-sast-security-scanner,2,FALSE,,not_in_csv
sensedia-api-platform,2,FALSE,,not_in_csv
testweaver,2,FALSE,,not_in_csv
uleska,2,FALSE,,not_in_csv
upload-artifacts-to-nexus,2,FALSE,,not_in_csv
vertx,2,FALSE,,not_in_csv
weibo4jenkins,2,FALSE,,not_in_csv
yandex-metrica,2,FALSE,,not_in_csv
zaproxy-jenkins,2,FALSE,,not_in_csv
AntepediaReporter-CI-plugin,1,FALSE,,not_in_csv
DotCi-Fig-template,1,FALSE,,not_in_csv
bart,1,FALSE,,not_in_csv
bevigil-ci,1,FALSE,,not_in_csv
blitz_io-jenkins,1,FALSE,,not_in_csv
buddycloud,1,FALSE,,not_in_csv
campfire,1,FALSE,,not_in_csv
cifs,1,FALSE,,not_in_csv
cloudaeye,1,FALSE,,not_in_csv
cloudbees-registration,1,FALSE,,not_in_csv
curseforge-publisher,1,FALSE,,not_in_csv
cyberchief-security-scanner,1,FALSE,,not_in_csv
deepcrawl-test,1,FALSE,,not_in_csv
drools,1,FALSE,,not_in_csv
essentials,1,FALSE,,not_in_csv
gprbuild,1,FALSE,,not_in_csv
hckrnews,1,FALSE,,not_in_csv
hello-world,1,FALSE,,not_in_csv
help-editor,1,FALSE,,not_in_csv
horreum,1,FALSE,,not_in_csv
humio,1,FALSE,,not_in_csv
ibm-continuous-release,1,FALSE,,not_in_csv
icedq,1,FALSE,,not_in_csv
indusface-was,1,FALSE,,not_in_csv
itms-for-jira,1,FALSE,,not_in_csv
kato,1,FALSE,,not_in_csv
lingr-plugin,1,FALSE,,not_in_csv
literate,1,FALSE,,not_in_csv
loadmance,1,FALSE,,not_in_csv
maplelabs-apm,1,FALSE,,not_in_csv
microdocs-integration,1,FALSE,,not_in_csv
mogotest,1,FALSE,,not_in_csv
openscada-jenkins-exporter,1,FALSE,,not_in_csv
ostorlab,1,FALSE,,not_in_csv
paaslane-estimate,1,FALSE,,not_in_csv
paranoia,1,FALSE,,not_in_csv
perfectomobile-jenkins,1,FALSE,,not_in_csv
quali-torque,1,FALSE,,not_in_csv
radargun-reporting,1,FALSE,,not_in_csv
reliza-integration,1,FALSE,,not_in_csv
signpath,1,FALSE,,not_in_csv
sladiator-notifier,1,FALSE,,not_in_csv
spoonscript,1,FALSE,,not_in_csv
telerik-appbuilder-plugin,1,FALSE,,not_in_csv
testein,1,FALSE,,not_in_csv
teststudiomobiletesting,1,FALSE,,not_in_csv
vagrant-plugin,1,FALSE,,not_in_csv
valid-network,1,FALSE,,not_in_csv
vessel,1,FALSE,,not_in_csv
waptpro,1,FALSE,,not_in_csv
warrior,1,FALSE,,not_in_csv
workflow-stm,1,FALSE,,not_in_csv
wwpass-plugin,1,FALSE,,not_in_csv
xframium,1,FALSE,,not_in_csv
xltest-plugin,1,FALSE,,not_in_csv
xpdev,1,FALSE,,not_in_csv
xygeni-sensor,1,FALSE,,not_in_csv
yaml-project,1,FALSE,,not_in_csv
zubhium,1,FALSE,,not_in_csv
