Name	Installation Count (June 2025)	Java 25 pull request	Is merged?
script-security	202619		FALSE
structs	202235		FALSE
mailer	202116	https://github.com/jenkinsci/mailer-plugin/pull/381	TRUE
scm-api	202114		FALSE
workflow-step-api	202031		FALSE
credentials	201987		FALSE
display-url-api	201728		FALSE
bouncycastle-api	201692		FALSE
ssh-credentials	201567		FALSE
workflow-api	200861		FALSE
workflow-scm-step	200444		FALSE
apache-httpcomponents-client-4-api	200288		FALSE
workflow-support	199978		FALSE
jackson2-api	199316		FALSE
junit	199034		FALSE
plain-credentials	198940		FALSE
git-client	198124		FALSE
credentials-binding	197742		FALSE
matrix-project	197437		FALSE
token-macro	196709		FALSE
cloudbees-folder	196691		FALSE
git	196667		FALSE
workflow-job	196253		FALSE
durable-task	195628		FALSE
workflow-cps	194949		FALSE
workflow-durable-task-step	194361		FALSE
antisamy-markup-formatter	194146		FALSE
branch-api	193830		FALSE
trilead-api	193627		FALSE
workflow-basic-steps	193008		FALSE
pipeline-stage-step	192740		FALSE
pipeline-input-step	192278		FALSE
workflow-multibranch	192201		FALSE
pipeline-stage-tags-metadata	191514		FALSE
pipeline-model-api	191439		FALSE
pipeline-build-step	191063		FALSE
pipeline-model-extensions	190247		FALSE
pipeline-milestone-step	190054		FALSE
snakeyaml-api	189963		FALSE
pipeline-model-definition	188925		FALSE
pipeline-graph-analysis	187210		FALSE
plugin-util-api	186964		FALSE
jquery3-api	186790		FALSE
matrix-auth	186292		FALSE
font-awesome-api	186171		FALSE
echarts-api	185786		FALSE
caffeine-api	184785		FALSE
checks-api	184577		FALSE
workflow-aggregator	183637		FALSE
variant	179929		FALSE
jaxb	179835		FALSE
ssh-slaves	179777		FALSE
bootstrap5-api	179264		FALSE
javax-activation-api	178526		FALSE
resource-disposer	178132		FALSE
github-api	176697		FALSE
timestamper	176340		FALSE
ws-cleanup	175775		FALSE
okhttp-api	175072		FALSE
ldap	174202		FALSE
github	174091		FALSE
pam-auth	171609		FALSE
email-ext	170725		FALSE
github-branch-source	170566		FALSE
mina-sshd-api-common	168246		FALSE
ant	167949		FALSE
jakarta-activation-api	167939		FALSE
jakarta-mail-api	167917		FALSE
mina-sshd-api-core	167061		FALSE
build-timeout	166274		FALSE
commons-lang3-api	165286		FALSE
ionicons-api	164442		FALSE
instance-identity	162883		FALSE
commons-text-api	162358		FALSE
pipeline-groovy-lib	162218		FALSE
jjwt-api	160198		FALSE
gradle	159032		FALSE
javax-mail-api	152745		FALSE
pipeline-github-lib	152196		FALSE
command-launcher	146835		FALSE
jdk-tool	146789		FALSE
pipeline-rest-api	144171		FALSE
sshd	143567		FALSE
jsch	142534		FALSE
pipeline-stage-view	141108		FALSE
gson-api	138158		FALSE
json-path-api	134553		FALSE
json-api	133298		FALSE
joda-time-api	130366		FALSE
asm-api	128420		FALSE
eddsa-api	120024		FALSE
authentication-tokens	113990	https://github.com/jenkinsci/authentication-tokens-plugin/pull/223	TRUE
javadoc	99468		FALSE
metrics	95706		FALSE
maven-plugin	90767		FALSE
docker-commons	89554		FALSE
git-server	86603		FALSE
config-file-provider	83300	https://github.com/jenkinsci/config-file-provider-plugin/pull/384	TRUE
docker-workflow	79021		FALSE
ace-editor	77939		FALSE
theme-manager	74050		FALSE
lockable-resources	73627		FALSE
htmlpublisher	73422		FALSE
momentjs	72886		FALSE
role-strategy	72466		FALSE
dark-theme	70837		FALSE
handlebars	65936		FALSE
handy-uri-templates-2-api	64246		FALSE
mapdb-api	62379		FALSE
workflow-cps-global-lib	61474		FALSE
popper2-api	61326		FALSE
pipeline-graph-view	60788		FALSE
subversion	57532		FALSE
external-monitor-job	56984		FALSE
jersey2-api	56950		FALSE
favorite	56368		FALSE
pubsub-light	56062		FALSE
jquery	55297		FALSE
cloudbees-bitbucket-branch-source	54883		FALSE
data-tables-api	54177		FALSE
blueocean-commons	54096		FALSE
parameterized-trigger	54089		FALSE
jenkins-design-language	54050		FALSE
blueocean-rest	53808		FALSE
publish-over	52294		FALSE
blueocean-core-js	52076		FALSE
blueocean-web	51829		FALSE
nodejs	51820		FALSE
blueocean-jwt	51517		FALSE
blueocean-pipeline-scm-api	51470		FALSE
apache-httpcomponents-client-5-api	50791		FALSE
blueocean-rest-impl	50768		FALSE
sse-gateway	50546		FALSE
ssh-agent	50248		FALSE
blueocean-pipeline-api-impl	50201		FALSE
popper-api	50014		FALSE
pipeline-utility-steps	49620		FALSE
run-condition	48618		FALSE
windows-slaves	48167		FALSE
blueocean-git-pipeline	48130		FALSE
blueocean-dashboard	48003		FALSE
publish-over-ssh	47647		FALSE
bootstrap4-api	47389		FALSE
blueocean-github-pipeline	47376		FALSE
git-parameter	47120		FALSE
blueocean-i18n	46698		FALSE
blueocean-display-url	46630		FALSE
blueocean-personalization	46526		FALSE
blueocean-config	46435		FALSE
localization-support	46340		FALSE
blueocean-pipeline-editor	46200		FALSE
blueocean-bitbucket-pipeline	46119		FALSE
blueocean-events	45794		FALSE
localization-zh-cn	45598		FALSE
conditional-buildstep	44557		FALSE
envinject-api	44250		FALSE
blueocean	44120		FALSE
jquery-detached	43782		FALSE
envinject	42000		FALSE
gitlab-plugin	41385		FALSE
commons-compress-api	40347		FALSE
sonar	39938		FALSE
prism-api	39573		FALSE
ansicolor	38625		FALSE
docker-java-api	37254		FALSE
rebuild	36721		FALSE
copyartifact	34986		FALSE
mercurial	34525		FALSE
uno-choice	34201		FALSE
docker-plugin	33437		FALSE
kubernetes-client-api	31123		FALSE
slack	30833		FALSE
kubernetes-credentials	30618		FALSE
configuration-as-code	30436		FALSE
cloud-stats	30278		FALSE
build-user-vars-plugin	29861		FALSE
aws-java-sdk-minimal	29541		FALSE
job-dsl	29461		FALSE
aws-credentials	28960		FALSE
aws-java-sdk-ec2	28509		FALSE
jira	28386		FALSE
jobConfigHistory	28322		FALSE
kubernetes	28288		FALSE
generic-webhook-trigger	28249		FALSE
pipeline-model-declarative-agent	28078		FALSE
blueocean-autofavorite	28016		FALSE
ssh	26121		FALSE
forensics-api	25536		FALSE
build-name-setter	25246		FALSE
extended-choice-parameter	25184		FALSE
active-directory	24912		FALSE
http_request	24773		FALSE
dashboard-view	24576		FALSE
thinBackup	23921		FALSE
oss-symbols-api	22912		FALSE
groovy	21438		FALSE
pipeline-maven	20891		FALSE
aws-java-sdk-ecr	20643		FALSE
aws-java-sdk	19766		FALSE
locale	19744		FALSE
aws-java-sdk-iam	19322		FALSE
aws-java-sdk-cloudformation	19278		FALSE
aws-java-sdk-elasticbeanstalk	19273		FALSE
ssh-steps	19010		FALSE
jnr-posix-api	18642		FALSE
simple-theme-plugin	18572		FALSE
blueocean-jira	18162		FALSE
aws-java-sdk-sqs	18098		FALSE
aws-java-sdk-sns	18070		FALSE
authorize-project	17816		FALSE
gitlab-api	17720		FALSE
bitbucket	17557		FALSE
aws-java-sdk-ecs	17467		FALSE
analysis-model-api	17346		FALSE
aws-java-sdk-ssm	17017		FALSE
aws-java-sdk-codebuild	17008		FALSE
aws-java-sdk-logs	17003		FALSE
jsoup	16575		FALSE
warnings-ng	16517		FALSE
emailext-template	16457		FALSE
mask-passwords	16216		FALSE
artifactory	16156		FALSE
badge	15990		FALSE
throttle-concurrents	15961		FALSE
parameterized-scheduler	15931		FALSE
aws-java-sdk-efs	15880		FALSE
extended-read-permission	15753		FALSE
Office-365-Connector	15625		FALSE
powershell	15283		FALSE
ansible	15207		FALSE
commons-httpclient3-api	15165		FALSE
monitoring	15109		FALSE
pipeline-maven-api	14878		FALSE
nodelabelparameter	14572		FALSE
code-coverage-api	14498		FALSE
saml	14452		FALSE
msbuild	14379		FALSE
built-on-column	14278		FALSE
multiple-scms	14202		FALSE
jacoco	14145		FALSE
groovy-postbuild	14137		FALSE
build-pipeline-plugin	14035		FALSE
prometheus	13834		FALSE
aws-java-sdk-secretsmanager	13736		FALSE
aws-java-sdk-kinesis	13710		FALSE
h2-api	13639		FALSE
postbuild-task	13589		FALSE
aws-java-sdk-lambda	13082		FALSE
aws-java-sdk-elasticloadbalancingv2	13079		FALSE
aws-java-sdk-organizations	13079		FALSE
aws-java-sdk-cloudfront	13078		FALSE
aws-java-sdk-codedeploy	13073		FALSE
aws-java-sdk-api-gateway	13068		FALSE
coverage	12971		FALSE
cobertura	12917		FALSE
allure-jenkins-plugin	12686		FALSE
job-import-plugin	12562		FALSE
extensible-choice-parameter	12498		FALSE
cvs	12466		FALSE
icon-shim	12384		FALSE
node-iterator-api	12140		FALSE
ivy	11867		FALSE
build-timestamp	11847		FALSE
pipeline-aws	11792		FALSE
Parameterized-Remote-Trigger	11665		FALSE
aws-java-sdk2-core	11631		FALSE
aws-java-sdk2-ec2	11604		FALSE
gitlab-oauth	11161		FALSE
xunit	11048		FALSE
oauth-credentials	10958		FALSE
jenkins-multijob-plugin	10857		FALSE
build-monitor-plugin	10796		FALSE
embeddable-build-status	10787		FALSE
build-with-parameters	10777		FALSE
aws-java-sdk-autoscaling	10715		FALSE
dtkit-api	10540		FALSE
github-pullrequest	10091		FALSE
build-blocker-plugin	9624		FALSE
greenballs	9592		FALSE
github-oauth	9584		FALSE
docker-build-step	9550		FALSE
basic-branch-build-strategies	9450		FALSE
gitlab-branch-source	9411		FALSE
view-job-filters	9211		FALSE
performance	9201		FALSE
cloudbees-disk-usage-simple	9164		FALSE
postbuildscript	9157		FALSE
google-oauth-plugin	9153		FALSE
kubernetes-cli	9041		FALSE
ec2	9009		FALSE
naginator	8894		FALSE
saferestart	8731		FALSE
translation	8721		FALSE
log-parser	8436		FALSE
audit-trail	8370		FALSE
azure-sdk	8269		FALSE
python	8157		FALSE
build-token-root	8110		FALSE
cucumber-reports	7987		FALSE
description-setter	7879		FALSE
pipeline-github	7874		FALSE
dependency-check-jenkins-plugin	7827		FALSE
hashicorp-vault-plugin	7623		FALSE
deploy	7567		FALSE
hidden-parameter	7436		FALSE
pipeline-multibranch-defaults	7195		FALSE
promoted-builds	7112		FALSE
disk-usage	7074		FALSE
jquery-ui	7029		FALSE
file-operations	7025		FALSE
flatpickr-api	6943		FALSE
amazon-ecr	6843		FALSE
file-parameters	6802		FALSE
next-build-number	6799		FALSE
plugin-usage-plugin	6745		FALSE
robot	6681		FALSE
m2release	6669		FALSE
s3	6420		FALSE
validating-string-parameter	6316		FALSE
atlassian-bitbucket-server-integration	6303		FALSE
nested-view	6204		FALSE
parameter-separator	6126		FALSE
test-results-analyzer	6121		FALSE
docker-build-publish	6101		FALSE
ghprb	6025		FALSE
configurationslicing	5945		FALSE
nexus-artifact-uploader	5901		FALSE
testng-plugin	5898		FALSE
analysis-core	5836		FALSE
text-finder	5826		FALSE
stashNotifier	5796		FALSE
git-changelog	5795		FALSE
aws-java-sdk-cloudwatch	5673		FALSE
extra-columns	5562		FALSE
scriptler	5558		FALSE
publish-over-ftp	5527		FALSE
strict-crumb-issuer	5481		FALSE
delivery-pipeline-plugin	5411		FALSE
permissive-script-security	5354		FALSE
pipeline-npm	5336		FALSE
github-organization-folder	5325		FALSE
gerrit-trigger	5275		FALSE
kubernetes-credentials-provider	5244		FALSE
discard-old-build	5226		FALSE
swarm	5194		FALSE
dingding-notifications	5125		FALSE
sidebar-link	5114		FALSE
emoji-symbols-api	5076		FALSE
oic-auth	5055		FALSE
schedule-build	5039		FALSE
skip-certificate-check	4970		FALSE
gitlab-merge-request-jenkins	4898		FALSE
flexible-publish	4843		FALSE
build-failure-analyzer	4802		FALSE
p4	4740		FALSE
azure-credentials	4696		FALSE
azure-ad	4662		FALSE
job-restrictions	4621		FALSE
global-build-stats	4567		FALSE
sonar-quality-gates	4566		FALSE
ssh2easy	4518		FALSE
multibranch-scan-webhook-trigger	4481		FALSE
login-theme	4478		FALSE
global-slack-notifier	4444		FALSE
ruby-runtime	4420		FALSE
plot	4396		FALSE
startup-trigger-plugin	4319		FALSE
versionnumber	4308		FALSE
preSCMbuildstep	4275		FALSE
jira-steps	4219		FALSE
bitbucket-push-and-pull-request	4115		FALSE
docker-compose-build-step	4097		FALSE
pipeline-githubnotify-step	4095		FALSE
google-login	4040		FALSE
date-parameter	3929		FALSE
xvfb	3922		FALSE
golang	3892		FALSE
configuration-as-code-groovy	3885		FALSE
JDK_Parameter_Plugin	3871		FALSE
backup	3868		FALSE
folder-properties	3859		FALSE
gitlab-logo	3816		FALSE
build-environment	3801		FALSE
mina-sshd-api-scp	3787		FALSE
bitbucket-build-status-notifier	3697		FALSE
PrioritySorter	3695		FALSE
nunit	3660		FALSE
terraform	3649		FALSE
docker-slaves	3627		FALSE
pyenv-pipeline	3621		FALSE
dependency-track	3612		FALSE
database	3605		FALSE
junit-attachments	3592		FALSE
purge-job-history	3592		FALSE
mstest	3585		FALSE
nexus-jenkins-plugin	3566		FALSE
list-git-branches-parameter	3515		FALSE
azure-commons	3414		FALSE
categorized-view	3414		FALSE
checkmarx	3411		FALSE
persistent-parameter	3382		FALSE
atlassian-jira-software-cloud	3331		FALSE
customizable-header	3317		FALSE
versioncolumn	3307		FALSE
amazon-ecs	3295		FALSE
gitea	3267		FALSE
dynamic_extended_choice_parameter	3261		FALSE
periodicbackup	3248		FALSE
support-core	3237		FALSE
mail-watcher-plugin	3215		FALSE
claim	3207		FALSE
pipeline-aggregator-view	3185		FALSE
xcode-plugin	3168		FALSE
material-theme	3117		FALSE
custom-tools-plugin	3080		FALSE
git-push	3044		FALSE
bitbucket-pullrequest-builder	3020		FALSE
join	2988		FALSE
jfrog	2958		FALSE
aws-global-configuration	2928		FALSE
workflow-cps-global-lib-http	2924		FALSE
notification	2922		FALSE
managed-scripts	2899		FALSE
purge-build-queue-plugin	2891		FALSE
publish-over-cifs	2881		FALSE
shiningpanda	2855		FALSE
folder-auth	2846		FALSE
adoptopenjdk	2831		FALSE
buildtriggerbadge	2788		FALSE
aws-secrets-manager-credentials-provider	2778		FALSE
sectioned-view	2756		FALSE
maven-info	2748		FALSE
opentelemetry-api	2733		FALSE
hudson-wsclean-plugin	2730		FALSE
next-executions	2704		FALSE
webhook-step	2703		FALSE
artifactdeployer	2702	https://github.com/jenkinsci/artifactdeployer-plugin/pull/95	TRUE
logstash	2686		FALSE
xtrigger-api	2659		FALSE
maven-artifact-choicelistprovider	2648		FALSE
github-checks	2639		FALSE
kubernetes-pipeline-devops-steps	2638		FALSE
nvm-wrapper	2637		FALSE
gitlab-hook	2603		FALSE
jira-trigger	2603		FALSE
influxdb	2588		FALSE
repo	2576		FALSE
qy-wechat-notification	2517		FALSE
gitee	2505		FALSE
datadog	2495		FALSE
scp	2487		FALSE
async-http-client	2466		FALSE
splunk-devops	2462		FALSE
solarized-theme	2450		FALSE
show-build-parameters	2446		FALSE
gatling	2443		FALSE
remote-file	2433		FALSE
email-ext-recipients-column	2412		FALSE
bitbucket-oauth	2407		FALSE
cors-filter	2396		FALSE
convert-to-pipeline	2390		FALSE
clover	2376		FALSE
hashicorp-vault-pipeline	2353		FALSE
ansible-tower	2351		FALSE
quality-gates	2351		FALSE
aws-java-sdk2-ecr	2340		FALSE
multibranch-build-strategy-extension	2321		FALSE
cppcheck	2257		FALSE
checkstyle	2252		FALSE
environment-script	2241		FALSE
repository-connector	2241		FALSE
miniorange-saml-sp	2237		FALSE
build-discarder	2222		FALSE
pipeline-timeline	2211		FALSE
last-changes	2210		FALSE
depgraph-view	2203		FALSE
dotnet-sdk	2160		FALSE
blackduck-detect	2141		FALSE
blueocean-executor-info	2113		FALSE
byte-buddy-api	2071		FALSE
ec2-fleet	2064		FALSE
reverse-proxy-auth-plugin	2047		FALSE
xml-job-to-job-dsl	2038		FALSE
leastload	2026		FALSE
snyk-security-scanner	2021		FALSE
openJDK-native-plugin	2016		FALSE
build-token-trigger	2013		FALSE
slave-setup	1969		FALSE
git-forensics	1962		FALSE
artifact-manager-s3	1939		FALSE
npm-yarn-wrapper-steps	1939		FALSE
port-allocator	1937		FALSE
cloudbees-credentials	1936		FALSE
release	1931		FALSE
zentimestamp	1924		FALSE
maven-invoker-plugin	1922		FALSE
mstestrunner	1917		FALSE
shelve-project-plugin	1895		FALSE
github-autostatus	1894		FALSE
matrix-combinations-parameter	1853		FALSE
google-metadata-plugin	1851		FALSE
cucumber-testresult-plugin	1850		FALSE
downstream-buildview	1842		FALSE
docker-custom-build-environment	1834		FALSE
mattermost	1833		FALSE
warnings	1818		FALSE
rich-text-publisher-plugin	1812		FALSE
fstrigger	1805		FALSE
chucknorris	1790		FALSE
cmakebuilder	1790		FALSE
global-variable-string-parameter	1790		FALSE
calendar-view	1778		FALSE
project-description-setter	1772		FALSE
text-file-operations	1754		FALSE
urltrigger	1744		FALSE
git-tag-message	1737		FALSE
nuget	1735		FALSE
multi-branch-project-plugin	1725		FALSE
seleniumhtmlreport	1719		FALSE
violations	1710		FALSE
google-chat-notification	1706		FALSE
cron_column	1698		FALSE
github-pr-comment-build	1695		FALSE
workflow-remote-loader	1689		FALSE
jenkins-jira-issue-updater	1686		FALSE
confluence-publisher	1685		FALSE
maven-metadata-plugin	1685		FALSE
sbt	1680		FALSE
chromedriver	1671		FALSE
opentelemetry	1663		FALSE
console-column-plugin	1640		FALSE
envfile	1637		FALSE
codedeploy	1636		FALSE
kpp-management-plugin	1629		FALSE
google-play-android-publisher	1625		FALSE
openshift-client	1624		FALSE
people-view	1623		FALSE
declarative-pipeline-migration-assistant-api	1603		FALSE
database-mysql	1600		FALSE
ldapemail	1597		FALSE
maven-dependency-update-trigger	1594		FALSE
fail-the-build-plugin	1587		FALSE
junit-realtime-test-reporter	1581		FALSE
kubernetes-cd	1574		FALSE
downstream-build-cache	1569		FALSE
browserstack-integration	1563		FALSE
build-metrics	1560		FALSE
project-stats-plugin	1549		FALSE
xray-connector	1549		FALSE
text-finder-run-condition	1538		FALSE
build-history-metrics-plugin	1531		FALSE
secondary-timestamper-plugin	1531		FALSE
vsphere-cloud	1531		FALSE
aws-lambda	1529		FALSE
findbugs	1519		FALSE
compact-columns	1501		FALSE
run-condition-extras	1499		FALSE
splunk-devops-extend	1495		FALSE
violation-comments-to-gitlab	1490		FALSE
unity3d-plugin	1489		FALSE
google-storage-plugin	1479		FALSE
pmd	1477		FALSE
filesystem-list-parameter-plugin	1472		FALSE
slave-status	1472		FALSE
android-emulator	1471		FALSE
clone-workspace-scm	1449		FALSE
buildresult-trigger	1443		FALSE
discord-notifier	1443		FALSE
build-notifications	1440		FALSE
maven-repo-cleaner	1435		FALSE
svncompat14	1434		FALSE
fortify	1431		FALSE
image-tag-parameter	1416		FALSE
pipeline-config-history	1398		FALSE
codesonar	1397		FALSE
sonargraph-integration	1383		FALSE
vstestrunner	1383		FALSE
disable-job-button	1376		FALSE
sqlplus-script-runner	1369		FALSE
custom-folder-icon	1368		FALSE
ez-templates	1363		FALSE
yet-another-build-visualizer	1361		FALSE
keycloak	1355		FALSE
template-project	1348		FALSE
test-results-aggregator	1345		FALSE
pipeline-cps-http	1339		FALSE
multiselect-parameter	1326		FALSE
any-buildstep	1325		FALSE
pollscm	1308		FALSE
scoring-load-balancer	1301		FALSE
artifact-promotion	1299		FALSE
modernstatus	1283		FALSE
sloccount	1280		FALSE
downstream-ext	1270		FALSE
groovy-label-assignment	1269		FALSE
aws-codebuild	1264		FALSE
summary_report	1251		FALSE
scm-sync-configuration	1245		FALSE
aws-bucket-credentials	1241		FALSE
azure-keyvault	1236		FALSE
sonar-gerrit	1233		FALSE
instant-messaging	1232		FALSE
jobcacher	1231		FALSE
clearcase	1224		FALSE
windows-azure-storage	1224		FALSE
azure-cli	1223		FALSE
github-pr-coverage-status	1208		FALSE
ownership	1204		FALSE
readonly-parameters	1202		FALSE
google-compute-engine	1200		FALSE
declarative-pipeline-migration-assistant	1195		FALSE
repository	1189		FALSE
nant	1187		FALSE
veracode-scan	1182		FALSE
slack-uploader	1175		FALSE
mysql-api	1173		FALSE
hp-application-automation-tools-plugin	1164		FALSE
aws-parameter-store	1153		FALSE
database-postgresql	1149		FALSE
templating-engine	1134		FALSE
jira-ext	1129		FALSE
tap	1121		FALSE
postgresql-api	1119		FALSE
sonarqube-generic-coverage	1112		FALSE
analysis-collector	1111		FALSE
scmskip	1108		FALSE
gerrit-code-review	1103		FALSE
azure-vm-agents	1102		FALSE
all-changes	1101		FALSE
dockerhub-notification	1100		FALSE
update-sites-manager	1096		FALSE
synopsys-coverity	1085		FALSE
buildgraph-view	1083		FALSE
gitlab-kubernetes-credentials	1082		FALSE
TestComplete	1081		FALSE
copy-to-slave	1080		FALSE
gradle-repo	1080		FALSE
svn-workspace-cleaner	1079		FALSE
JiraTestResultReporter	1072		FALSE
external-workspace-manager	1071		FALSE
project-build-times	1063		FALSE
dependencyanalyzer	1062		FALSE
copy-project-link	1058		FALSE
changes-since-last-success	1056		FALSE
label-linked-jobs	1054		FALSE
aws-codepipeline	1053		FALSE
compress-artifacts	1051		FALSE
github-scm-trait-notification-context	1047		FALSE
build-keeper-plugin	1041		FALSE
aws-secrets-manager-secret-source	1035		FALSE
progress-bar-column-plugin	1030		FALSE
toolenv	1028		FALSE
shared-workspace	1015		FALSE
ftppublisher	1005		FALSE
packer	1005		FALSE
xvnc	1005		FALSE
doxygen	999		FALSE
github-scm-trait-commit-skip	993		FALSE
filesystem_scm	979		FALSE
jobgenerator	973		FALSE
configuration-as-code-secret-ssm	970		FALSE
selenium	967		FALSE
gravatar	963		FALSE
content-replace	962		FALSE
dynamicparameter	953		FALSE
multibranch-action-triggers	953		FALSE
logfilesizechecker	946		FALSE
scm-filter-branch-pr	945		FALSE
gitbucket	935		FALSE
maven-deployment-linker	934		FALSE
inline-pipeline	930		FALSE
jqs-monitoring	928		FALSE
jobcopy-builder	924		FALSE
gogs-webhook	922		FALSE
global-post-script	913		FALSE
dynamic-axis	906		FALSE
sauce-ondemand	906		FALSE
tfs	904		FALSE
change-assembly-version-plugin	901		FALSE
build-history-manager	898		FALSE
markdown-formatter	897		FALSE
anything-goes-formatter	896		FALSE
build-time-blame	894		FALSE
yet-another-docker-plugin	891		FALSE
qtest	889		FALSE
google-container-registry-auth	888		FALSE
cucumber-trends-report	886		FALSE
perfpublisher	885		FALSE
poll-mailbox-trigger-plugin	884		FALSE
google-kubernetes-engine	882		FALSE
zap	876		FALSE
flaky-test-handler	875		FALSE
skip-notifications-trait	874		FALSE
windows-exe-runner	874		FALSE
bitbucket-scm-trait-commit-skip	872		FALSE
test-stability	868		FALSE
aws-java-sdk2-sts	861		FALSE
hipchat	854		FALSE
custom-checkbox-parameter	846		FALSE
build-cause-run-condition	845		FALSE
editable-choice	843		FALSE
pagerduty	839		FALSE
stash-pullrequest-builder	831		FALSE
parallel-test-executor	830		FALSE
maven-snapshot-check	824		FALSE
awseb-deployment-plugin	820		FALSE
crowd2	819		FALSE
display-console-output	817		FALSE
changelog-history	815		FALSE
http-post	806		FALSE
openshift-sync	804		FALSE
dry	803		FALSE
build-flow-plugin	802		FALSE
bitbucket-filter-project-trait	795		FALSE
cloudfoundry	793		FALSE
audit-log	784		FALSE
copy-data-to-workspace-plugin	781		FALSE
simple-parameterized-builds-report	776		FALSE
ignore-committer-strategy	775		FALSE
emma	774		FALSE
xframe-filter-plugin	774		FALSE
anchore-container-scanner	767		FALSE
pipeline-global-lib-nexus	767		FALSE
compress-buildlog	763		FALSE
scalable-amazon-ecs	761		FALSE
rake	759		FALSE
telegram-notifications	751		FALSE
jdepend	750		FALSE
cucumber-perf	738		FALSE
cas-plugin	736		FALSE
github-issues	731		FALSE
openid4java	721		FALSE
rocketchatnotifier	721		FALSE
dingding-json-pusher	715		FALSE
block-queued-job	714		FALSE
export-params	713		FALSE
simple-build-for-pipeline	713		FALSE
disable-github-multibranch-status	708		FALSE
redmine	707		FALSE
testInProgress	707		FALSE
cloverphp	698		FALSE
promoted-builds-simple	695		FALSE
statusmonitor	695		FALSE
create-fingerprint	692		FALSE
nodenamecolumn	689		FALSE
openshift-login	688		FALSE
gitea-checks	686		FALSE
upload-pgyer	685		FALSE
matrix-groovy-execution-strategy	681		FALSE
nexus-task-runner	681		FALSE
rundeck	681		FALSE
winrm-client	681		FALSE
appcenter	673		FALSE
report-info	672		FALSE
elastic-axis	665		FALSE
android-signing	661		FALSE
tasks	659		FALSE
flyway-runner	658		FALSE
unleash	657		FALSE
bulk-builder	651		FALSE
pipeline-maven-database	650		FALSE
run-selector	650		FALSE
Exclusion	649		FALSE
bitbucket-approve	647		FALSE
xshell	647		FALSE
sitemonitor	639		FALSE
zapper	638		FALSE
heavy-job	635		FALSE
multi-slave-config-plugin	633		FALSE
terminate-ssh-processes-plugin	632		FALSE
scoverage	631		FALSE
radiatorviewplugin	629		FALSE
docker-traceability	628		FALSE
violation-comments-to-stash	622		FALSE
batch-task	621		FALSE
openstack-cloud	620		FALSE
jenkinswalldisplay	617		FALSE
shared-objects	617		FALSE
checkmarx-ast-scanner	616		FALSE
mina-sshd-api-sftp	615		FALSE
aliyun-oss-uploader	614		FALSE
doclinks	612		FALSE
docker-swarm	604		FALSE
groovy-remote	603		FALSE
svn-revert-plugin	599		FALSE
cucumber-slack-notifier	598		FALSE
ant-in-workspace	595		FALSE
custom-view-tabs	594		FALSE
teamconcert	593		FALSE
bootstraped-multi-test-results-report	586		FALSE
klocwork	586		FALSE
matrix-reloaded	586		FALSE
notify-events	585		FALSE
pipeline-dependency-walker	585		FALSE
gcloud-sdk	582		FALSE
katalon	579		FALSE
oidc-provider	575		FALSE
violation-comments-to-github	574		FALSE
systemloadaverage-monitor	573		FALSE
files-found-trigger	569		FALSE
mission-control-view	568		FALSE
pegdown-formatter	567		FALSE
build-symlink	566		FALSE
favorite-view	564		FALSE
random-string-parameter	564		FALSE
exclusive-execution	561		FALSE
enhanced-old-build-discarder	560		FALSE
flyway-api	560		FALSE
hudson-pview-plugin	559		FALSE
aqua-security-scanner	556		FALSE
python-wrapper	554		FALSE
build-view-column	553		FALSE
metrics-diskusage	551		FALSE
conjur-credentials	550		FALSE
select2-api	549		FALSE
commons-math3-api	546		FALSE
newrelic-deployment-notifier	546		FALSE
percentage-du-node-column	545		FALSE
file-leak-detector	544		FALSE
gcp-secrets-manager-credentials-provider	544		FALSE
antexec	539		FALSE
job-parameter-summary	534		FALSE
additional-metrics	533		FALSE
oracle-cloud-infrastructure-compute	532		FALSE
emotional-jenkins-plugin	531		FALSE
html5-notifier-plugin	530		FALSE
job-exporter	528		FALSE
environment-dashboard	527		FALSE
valgrind	527		FALSE
miniorange-two-factor	520		FALSE
AnchorChain	519		FALSE
pipeline-as-yaml	519		FALSE
fortify-on-demand-uploader	518		FALSE
collapsing-console-sections	514		FALSE
rabbitmq-consumer	510		FALSE
octopusdeploy	507		FALSE
aws-device-farm	506		FALSE
read-only-configurations	506		FALSE
gerrit-verify-status-reporter	501		FALSE
github-branch-pr-change-filter	501		FALSE
custom-job-icon	497		FALSE
tm4j-automation	494		FALSE
weblogic-deployer-plugin	493		FALSE
deployit-plugin	485		FALSE
image-gallery	484		FALSE
azure-app-service	483		FALSE
simple-queue	475		FALSE
zap-pipeline	474		FALSE
configure-job-column-plugin	473		FALSE
lucene-search	473		FALSE
openid	473		FALSE
aws-codecommit-jobs	472		FALSE
google-source-plugin	471		FALSE
config-autorefresh-plugin	467		FALSE
extra-tool-installers	467		FALSE
statistics-gatherer	463		FALSE
uptime	463		FALSE
publish-to-bitbucket	458		FALSE
project-inheritance	457		FALSE
gatling-check	455		FALSE
bitbucket-pullrequests-filter	452		FALSE
log-file-filter	452		FALSE
dropdown-viewstabbar-plugin	451		FALSE
slave-utilization-plugin	446		FALSE
customize-build-now	444		FALSE
jira-integration	444		FALSE
android-lint	443		FALSE
kerberos-sso	443		FALSE
outbound-webhook	441		FALSE
cloudbees-jenkins-advisor	426		FALSE
consul-kv-builder	424		FALSE
pipeline-deploymon	423		FALSE
soapui-pro-functional-testing	422		FALSE
svnmerge	420		FALSE
openshift-pipeline	418		FALSE
rubyMetrics	416		FALSE
cucumber-living-documentation	414		FALSE
fitnesse	412		FALSE
liquibase-runner	409		FALSE
phing	408		FALSE
cygpath	405		FALSE
minio	405		FALSE
mashup-portlets-plugin	404		FALSE
redeploy-rancher2-workload	403		FALSE
gradle-daemon	402		FALSE
jclouds-jenkins	398		FALSE
bitbucket-scm-filter-aged-refs	397		FALSE
display-upstream-changes	394		FALSE
maven-release-cascade	391		FALSE
netsparker-cloud-scan	390		FALSE
build-env-propagator	387		FALSE
description-column-plugin	387		FALSE
jenkins-cloudformation-plugin	386		FALSE
kotlin-v1-stdlib-jdk8	385		FALSE
codecommit-url-helper	384		FALSE
ivytrigger	384		FALSE
pipeline-input-notification	383		FALSE
sonargraph-plugin	383		FALSE
parasoft-findings	380		FALSE
concurrent-step	379		FALSE
ccm	374		FALSE
testcomplete-xunit	374		FALSE
createjobadvanced	373		FALSE
kubernetes-pipeline-steps	373		FALSE
multi-module-tests-publisher	372		FALSE
build-publisher	371		FALSE
azure-credentials-ext	370		FALSE
call-remote-job-plugin	367		FALSE
jgiven	367		FALSE
mesos	367		FALSE
secure-requester-whitelist	367		FALSE
customized-build-message	366		FALSE
scm2job	366		FALSE
unique-id	366		FALSE
gerrit-checks-api	365		FALSE
dynamic-search-view	362		FALSE
azure-container-agents	360		FALSE
console-badge	359		FALSE
job-poll-action-plugin	359		FALSE
diskcheck	357		FALSE
logging	357		FALSE
backup-interrupt-plugin	356		FALSE
bitbucket-approval-filter	355		FALSE
svn-tag	354		FALSE
prereq-buildstep	353		FALSE
snsnotify	352		FALSE
bitbucket-scm-filter-jira-validator	350		FALSE
labelled-steps	350		FALSE
testlink	350		FALSE
global-pre-script	348		FALSE
patch-parameter	347		FALSE
tracking-svn	345		FALSE
console-tail	343		FALSE
git-chooser-alternative	343		FALSE
selenium-builder	343		FALSE
URLSCM	342		FALSE
extreme-notification	342		FALSE
perforce	341		FALSE
vs-code-metrics	341		FALSE
htmlresource	340		FALSE
tracking-git	340		FALSE
windows-cloud	340		FALSE
custom-build-properties	337		FALSE
opsgenie	337		FALSE
pipeline-restful-api	337		FALSE
jenkinslint	336		FALSE
bitbucket-kubernetes-credentials	334		FALSE
github-label-filter	334		FALSE
disable-failed-job	330		FALSE
jabber	329		FALSE
terminal	329		FALSE
groovy-events-listener-plugin	328		FALSE
job-node-stalker	328		FALSE
hsts-filter-plugin	327		FALSE
matlab	323		FALSE
release-helper	322		FALSE
rest-list-parameter	320		FALSE
saltstack	320		FALSE
template-workflows	318		FALSE
tmpcleaner	318		FALSE
ws-ws-replacement	318		FALSE
phabricator-plugin	317		FALSE
started-by-envvar	317		FALSE
macstadium-orka	315		FALSE
vncviewer	314		FALSE
wxwork-notification	313		FALSE
countjobs-viewstabbar	312		FALSE
queue-cleanup	312		FALSE
job-log-logger-plugin	311		FALSE
custom-markup-formatter	310		FALSE
svn-partial-release-mgr	309		FALSE
extended-security-settings	308		FALSE
conjur-simple-integration	307		FALSE
git-userContent	307		FALSE
sumologic-publisher	305		FALSE
aws-codecommit-trigger	302		FALSE
build-steps-from-json	301		FALSE
StashBranchParameter	300		FALSE
appscan	300		FALSE
mac	300		FALSE
dotnet-as-script	299		FALSE
uipath-automation-package	299		FALSE
view-cloner	299		FALSE
artifactory-client-api	298		FALSE
variables-replace-plugin	297		FALSE
websphere-deployer	295		FALSE
syslog-logger	294		FALSE
aws-beanstalk-publisher-plugin	293		FALSE
pretested-integration	293		FALSE
remote-terminal-access	293		FALSE
ec2-deployment-dashboard	291		FALSE
clang-scanbuild	288		FALSE
coverity	288		FALSE
fxcop-runner	288		FALSE
archived-artifact-url-viewer	287		FALSE
rvm	285		FALSE
cocoapods-integration	283		FALSE
cppncss	283		FALSE
vsts-cd	281		FALSE
covcomplplot	280		FALSE
azure-artifact-manager	279		FALSE
cctray-xml	278		FALSE
serenity	278		FALSE
distfork	277		FALSE
deployed-on-column	276		FALSE
job-fan-in	275		FALSE
cisco-spark-notifier	272		FALSE
websocket	272		FALSE
seed	271		FALSE
accelerated-build-now-plugin	270		FALSE
harbor	269		FALSE
configuration-as-code-support	267		FALSE
javancss	266		FALSE
jobrevision	266		FALSE
metrics-datadog	265		FALSE
azure-container-registry-tasks	263		FALSE
viewVC	263		FALSE
github-scm-filter-aged-refs	262		FALSE
seleniumrc-plugin	262		FALSE
matrixtieparent	261		FALSE
deployment-notification	260		FALSE
service-now	258		FALSE
jobtype-column	256		FALSE
wildfly-deployer	256		FALSE
whitesource	255		FALSE
dry-run	253		FALSE
lambdatest-automation	253		FALSE
post-completed-build-result	253		FALSE
qualys-was	253		FALSE
aws-sam	252		FALSE
pwauth	252		FALSE
database-sqlserver	249		FALSE
describe-with-params	249		FALSE
artifactory-artifact-manager	247		FALSE
flow	247		FALSE
autograding	246		FALSE
scm-manager	246		FALSE
github-scm-filter-jira-validator	245		FALSE
mq-notifier	245		FALSE
git-prebuildmerge-trait	244		FALSE
sounds	244		FALSE
selected-tests-executor	243		FALSE
lighthouse-report	242		FALSE
ranorex-integration	241		FALSE
jx-pipelines	240		FALSE
pipeline-gitstatuswrapper	239		FALSE
svncompat13	239		FALSE
msginject	238		FALSE
teams-webhook-trigger	238		FALSE
sqlserver-api	237		FALSE
pitmutation	235		FALSE
hubot-steps	234		FALSE
jslint	234		FALSE
appdynamics-dashboard	233		FALSE
linenumbers	233		FALSE
plasticscm-plugin	233		FALSE
crap4j	232		FALSE
semantic-versioning-plugin	232		FALSE
Matrix-sorter-plugin	229		FALSE
pipeline-agent-build-history	229		FALSE
project-health-report	229		FALSE
jobtag	228		FALSE
lenientshutdown	227		FALSE
scripttrigger	227		FALSE
short-workspace-path	227		FALSE
42crunch-security-audit	225		FALSE
gearman-plugin	224		FALSE
pyenv	224		FALSE
github-app-kubernetes-credentials	223		FALSE
aws-lambda-cloud	222		FALSE
dos-trigger	222		FALSE
xfpanel	221		FALSE
azure-function	220		FALSE
BlazeMeterJenkinsPlugin	219		FALSE
NegotiateSSO	219		FALSE
lastsuccessversioncolumn	218		FALSE
stepcounter	218		FALSE
muuri-api	217		FALSE
zephyr-enterprise-test-management	217		FALSE
deployer-framework	213		FALSE
memory-map	213		FALSE
build-alias-setter	212		FALSE
grypescanner	212		FALSE
google-cloudbuild	211		FALSE
metrics-graphite	210		FALSE
selenium-axis	210		FALSE
mailcommander	209		FALSE
artifact-diff-plugin	208		FALSE
gitflow	208		FALSE
pull-request-monitoring	208		FALSE
validating-email-parameter	208		FALSE
vectorcast-coverage	207		FALSE
nomad	206		FALSE
devops-portal	205		FALSE
jackson-databind	205		FALSE
ci-game	204		FALSE
coordinator	204		FALSE
digitalocean-plugin	204		FALSE
influxdb-query	204		FALSE
network-monitor	203		FALSE
bootstrap	202		FALSE
jython	202		FALSE
libvirt-slave	202		FALSE
nested-data-reporting	202		FALSE
aws-sqs-trigger	200		FALSE
thucydides	200		FALSE
BlameSubversion	199		FALSE
cucumber	199		FALSE
jenkins-flowdock-plugin	199		FALSE
periodic-reincarnation	199		FALSE
jboss	198		FALSE
config-driven-pipeline	197		FALSE
generic-event	197		FALSE
jwt-auth	197		FALSE
package-parameter	197		FALSE
parameter-pool	197		FALSE
audit2db	196		FALSE
cli-commander	196		FALSE
jsunit	196		FALSE
loadrunner-cloud	196		FALSE
mock-slave	196		FALSE
publish-over-dropbox	195		FALSE
backlog	194		FALSE
block-same-builds	193		FALSE
prqa-plugin	193		FALSE
github-coverage-reporter	192		FALSE
commons-lang-api	191		FALSE
keyboard-shortcuts-plugin	191		FALSE
loadfocus-jmeter-load-testing-integration	190		FALSE
testcomplete11-xunit	190		FALSE
regression-report-plugin	189		FALSE
azure-acs	188		FALSE
was-builder	188		FALSE
chatwork	187		FALSE
job-direct-mail	187		FALSE
vagrant	186		FALSE
metadata	184		FALSE
electricflow	183		FALSE
platformlabeler	182		FALSE
json-editor-parameter	181		FALSE
insightappsec	180		FALSE
servicenow-devops	180		FALSE
upstream-downstream-view	180		FALSE
manage-permission	179		FALSE
rabbitmq-build-trigger	179		FALSE
url-auth-sso	179		FALSE
vectorcast-execution	178		FALSE
chef-identity	176		FALSE
lastfailureversioncolumn	176		FALSE
script-realm	176		FALSE
avatar	175		FALSE
deploy-dashboard	175		FALSE
dtkit	175		FALSE
junit-sql-storage	175		FALSE
slave-proxy	174		FALSE
slave-prerequisites	173		FALSE
selenium-aes	172		FALSE
buildrotator	171		FALSE
no-agent-job-purge	171		FALSE
advanced-installer-msi-builder	170		FALSE
delete-log-plugin	169		FALSE
additional-identities-plugin	168		FALSE
numeraljs	168		FALSE
yaml-axis	168		FALSE
remote-jobs-view-plugin	167		FALSE
osf-builder-suite-standalone-sonar-linter	165		FALSE
genexus	164		FALSE
ircbot	164		FALSE
eks-token	163		FALSE
git-automerger	162		FALSE
block-build-final-project	161		FALSE
virtualbox	161		FALSE
xlrelease-plugin	161		FALSE
neoload-jenkins-plugin	160		FALSE
proxmox	160		FALSE
rpmsign-plugin	158		FALSE
cccc	156		FALSE
gitblit	156		FALSE
jobtemplates	155		FALSE
artifact-repository-parameter	154		FALSE
multi-branch-priority-sorter	154		FALSE
secure-post-script	154		FALSE
environment-labels-setter	153		FALSE
contrast-continuous-application-security	152		FALSE
security-inspector	152		FALSE
synopsys-polaris	152		FALSE
working-hours	152		FALSE
database-sqlite	151		FALSE
qualys-cs	151		FALSE
spotinst	149		FALSE
prisma-cloud-iac-scan	148		FALSE
codecover	147		FALSE
aws-cloudwatch-logs-publisher	146		FALSE
google-cloud-backup	146		FALSE
servicenow-cicd	146		FALSE
gitea-pat-kubernetes-credentials	145		FALSE
github-release	145		FALSE
codebuilder-cloud	143		FALSE
compatibility-action-storage	141		FALSE
opencover	141		FALSE
rabbitmq-publisher	141		FALSE
grails	140		FALSE
hockeyapp	139		FALSE
oracle-cloud-infrastructure-devops	139		FALSE
s3explorer	139		FALSE
integrity-plugin	137		FALSE
pipeline-keepenv-step	137		FALSE
reportportal	137		FALSE
zoom	137		FALSE
jobdelete-builder	136		FALSE
performance-signature-ui	136		FALSE
php	136		FALSE
acunetix	135		FALSE
redgate-sql-ci	135		FALSE
sidebar-update-notification	135		FALSE
trac	135		FALSE
onepassword-secrets	133		FALSE
proc-cleaner-plugin	133		FALSE
gcp-java-sdk-auth	132		FALSE
csp	131		FALSE
mongodb	131		FALSE
wix	131		FALSE
datetime-constraint	130		FALSE
graphiteIntegrator	130		FALSE
dependency-queue-plugin	129		FALSE
pipeline-bamboo	129		FALSE
qftest	129		FALSE
aqua-microscanner	128		FALSE
lambda-test-runner	128		FALSE
webhook-eventsource	128		FALSE
codebuild-cloud	127		FALSE
fireline	126		FALSE
kiuwanJenkinsPlugin	126		FALSE
micro-focus-performance-center-integration	126		FALSE
alibabacloud-credentials	125		FALSE
label-verifier	125		FALSE
phoenix-autotest	125		FALSE
rbenv	125		FALSE
leapwork	124		FALSE
teamconcert-git	124		FALSE
agent-server-parameter	123		FALSE
crossbrowsertesting	123		FALSE
ivy-report	123		FALSE
clamav	122		FALSE
consul	122		FALSE
multibranch-job-tear-down	122		FALSE
zephyr-for-jira-test-management	122		FALSE
aws-java-sdk-core	121		FALSE
dumpling	121		FALSE
form-element-path	121		FALSE
sicci_for_xcode	121		FALSE
php-builtin-web-server	120		FALSE
pipeline-keep-running-step	120		FALSE
polarion	120		FALSE
thycotic-secret-server	120		FALSE
tricentis-ci	120		FALSE
vncrecorder	120		FALSE
zulip	119		FALSE
add-changes-to-build-changelog	118		FALSE
capitomcat	118		FALSE
jobrequeue	118		FALSE
monitor-pro	118		FALSE
aio-tests	117		FALSE
aws-java-sdk-jmespath	117		FALSE
azure-vmss	117		FALSE
compound-slaves	117		FALSE
mathworks-polyspace	117		FALSE
opentelemetry-agent-metrics	117		FALSE
mock-security-realm	116		FALSE
openshift-k8s-credentials	116		FALSE
scons	115		FALSE
list-command	114		FALSE
accurev	113		FALSE
marathon	113		FALSE
tool-labels-plugin	113		FALSE
redmine-metrics-report	112		FALSE
team-views	112		FALSE
aws-java-sdk-kms	111		FALSE
selection-tasks-plugin	111		FALSE
openshift-deployer	110		FALSE
kafkalogs	109		FALSE
log-command	109		FALSE
aws-java-sdk-s3	108		FALSE
codeql	108		FALSE
enhanced-metrics	108		FALSE
gcp-java-sdk-storage	108		FALSE
jswidgets	108		FALSE
buildcontext-capture	107		FALSE
cloudbees-enabler	107		FALSE
digicert-software-trust-code-sign	107		FALSE
blackduck-security-scan	106		FALSE
livescreenshot	106		FALSE
pending-changes	106		FALSE
sms	106		FALSE
aws-java-sdk-sts	105		FALSE
commit-message-trigger-plugin	105		FALSE
ibm-security-appscanstandard-scanner	105		FALSE
kubernetes-pipeline-arquillian-steps	105		FALSE
mttr	105		FALSE
inodes-monitor	104		FALSE
kubernetes-pipeline-aggregator	104		FALSE
mixing-security-realm	104		FALSE
strawboss	104		FALSE
suppress-stack-trace	104		FALSE
sysdig-secure	104		FALSE
ftp-rename	103		FALSE
html-audio-notifier	103		FALSE
skype-notifier	103		FALSE
testproject	103		FALSE
websocketin-notification	103		FALSE
crx-content-package-deployer	102		FALSE
feature-branch-notifier	101		FALSE
labeled-test-groups-publisher	101		FALSE
r	101		FALSE
ezwall	100		FALSE
git-notes	100		FALSE
gcal	99		FALSE
jenkins-reviewbot	99		FALSE
lifx-notifier	99		FALSE
ecs-publisher	98		FALSE
offlineonfailure-plugin	98		FALSE
pipeline-gcp	98		FALSE
tuleap-api	98		FALSE
google-deployment-manager	97		FALSE
autoaction-step	96		FALSE
javatest-report	96		FALSE
testcafe	96		FALSE
CustomHistory	95		FALSE
hyper-commons	95		FALSE
spring-initalzr	95		FALSE
git-bisect	94		FALSE
violation-columns	94		FALSE
chroot	93		FALSE
clearcase-ucm-plugin	93		FALSE
debian-package-builder	93		FALSE
jmh-report	93		FALSE
conventional-commits	92		FALSE
llvm-cov	92		FALSE
windocks-start-container	92		FALSE
agent-maintenance	91		FALSE
chartjs-api	91		FALSE
chatter-notifier	91		FALSE
nowsecure-auto-security-test	91		FALSE
cpptest	90		FALSE
global-yaml-properties	90		FALSE
google-api-client-plugin	90		FALSE
jms-messaging	90		FALSE
node-sharing-executor	90		FALSE
autocancel	89		FALSE
behave-testresults-publisher	89		FALSE
database-h2	89		FALSE
internetmeme	89		FALSE
mantis	89		FALSE
slave-squatter	89		FALSE
ghost-inspector	88		FALSE
testingbot	88		FALSE
aws-yum-parameter	87		FALSE
azure-publishersettings-credentials	87		FALSE
environment-filter-utils	87		FALSE
figlet-buildstep	87		FALSE
jigomerge	87		FALSE
osf-builder-suite-for-sfcc-credentials	87		FALSE
amazon-inspector-image-scanner	86		FALSE
autocomplete-parameter	85		FALSE
benchmark	85		FALSE
chosen	85		FALSE
cloudtest	85		FALSE
dynatrace-dashboard	85		FALSE
scala-junit-name-decoder	85		FALSE
acunetix-360-scan	84		FALSE
azure-kubernetes-credentials	84		FALSE
mailmap-resolver	84		FALSE
protecode-sc	84		FALSE
qc	84		FALSE
cloudshare-docker	83		FALSE
rapid7-insightvm-container-assessment	83		FALSE
qmetry-for-jira-test-management	82		FALSE
aws-sqs	81		FALSE
blackduck-hub	81		FALSE
appaloosa-plugin	80		FALSE
datatheorem-mobile-app-security	80		FALSE
escaped-markup-plugin	80		FALSE
fabric-beta-publisher	80		FALSE
generic-tool	80		FALSE
ibm-security-appscansource-scanner	80		FALSE
oki-docki	80		FALSE
tuleap-git-branch-source	80		FALSE
fluentd	79		FALSE
jsm-alert	79		FALSE
url-filter	79		FALSE
android-apk-size-watcher	78		FALSE
cortex-metrics	78		FALSE
elasticsearch-query	78		FALSE
gnat	78		FALSE
neuvector-vulnerability-scanner	78		FALSE
scripted-cloud-plugin	78		FALSE
spring-config	78		FALSE
ui-samples-plugin	78		FALSE
blackduck-coverity-on-polaris	77		FALSE
btc-embeddedplatform	77		FALSE
kubernetes-ci	77		FALSE
osf-builder-suite-for-sfcc-deploy	77		FALSE
search-all-results-plugin	77		FALSE
testflo-for-jira-test-management-automation	77		FALSE
service-fabric	76		FALSE
clearcase-ucm-api	75		FALSE
composer-security-checker	75		FALSE
defectdojo	75		FALSE
ec2-cloud-axis	75		FALSE
hetzner-cloud	75		FALSE
hp-quality-center	75		FALSE
keeper-secrets-manager	75		FALSE
persona	75		FALSE
collabnet	74		FALSE
doktor	74		FALSE
installshield	74		FALSE
puppet	74		FALSE
vmanager-plugin	74		FALSE
aws-batch	73		FALSE
mqtt-notification-plugin	73		FALSE
scm-sqs	73		FALSE
chosen-views-tabbar	72		FALSE
jcaptcha-plugin	72		FALSE
jna-posix-api	72		FALSE
keepSlaveOffline	72		FALSE
rally-plugin	72		FALSE
dbforge-devops-automation-for-sqlserver	71		FALSE
excludeMatrixParent	71		FALSE
log-cli	71		FALSE
performance-signature-viewer	71		FALSE
beer	70		FALSE
bugzilla	70		FALSE
cygwin-process-killer	70		FALSE
ios-device-connector	70		FALSE
remoting-opentelemetry	70		FALSE
ca-service-virtualization	69		FALSE
compuware-common-configuration	69		FALSE
google-admin-sdk	69		FALSE
pathignore	69		FALSE
qualys-vm	69		FALSE
DotCi	68		FALSE
mongodb-document-upload	68		FALSE
performance-signature-dynatracesaas	68		FALSE
sourcemonitor	68		FALSE
alibabacloud-ecs	67		FALSE
azure-batch-parallel	67		FALSE
crowd	67		FALSE
qmetry-test-management	67		FALSE
extended-timer-trigger	66		FALSE
hyper-build-step	66		FALSE
database-drizzle	65		FALSE
mktmpio	65		FALSE
nsiqcollector	65		FALSE
piwikanalytics	65		FALSE
visual-basic-6	65		FALSE
zos-connector	65		FALSE
aws-java-sdk2-s3	64		FALSE
codebeamer-xunit-importer	64		FALSE
ecutest	64		FALSE
SSSCM	63		FALSE
assertthat-bdd-jira	63		FALSE
build-flow-extensions-plugin	63		FALSE
github-sqs-plugin	63		FALSE
stackrox-container-image-scanner	63		FALSE
xtrigger	63		FALSE
matrix-communication	62		FALSE
bds-plugin	61		FALSE
coverage-badges-extension	61		FALSE
cron-shelve	61		FALSE
dumpinfo-buildwrapper-plugin	61		FALSE
enhanced-credentials	61		FALSE
jwt-support	61		FALSE
validating-yaml-parameter	61		FALSE
TestFairy	60		FALSE
computer-queue-plugin	60		FALSE
maintenance-jobs-scheduler	60		FALSE
memegen	60		FALSE
simpleclearcase	60		FALSE
cloudbees-devoptics-enabler	59		FALSE
mentor-questa-vrm	59		FALSE
pipeline-huaweicloud-plugin	59		FALSE
pom2config	59		FALSE
jobcacher-artifactory-storage	58		FALSE
synopsys-security-scan	58		FALSE
ui-test-capture	58		FALSE
assembla-merge-request-builder	57		FALSE
clang-scanbuild-plugin	57		FALSE
environment-variable-page-decoration	57		FALSE
gerrit	57		FALSE
googleanalytics	57		FALSE
mabl-integration	57		FALSE
phabricator-k8s	57		FALSE
adobe-cloud-manager	56		FALSE
applitools-eyes	56		FALSE
cisco-spark	56		FALSE
google-git-notes-publisher	56		FALSE
implied-labels	56		FALSE
minio-storage	56		FALSE
monitor-remote-job	56		FALSE
sonic-ci-helper	56		FALSE
requests	55		FALSE
runscope	55		FALSE
Surround-SCM-plugin	54		FALSE
agent-loadbalance	54		FALSE
coding-webhook	54		FALSE
design-library	54		FALSE
drmemory-plugin	54		FALSE
inedo-proget	54		FALSE
logaction-plugin	54		FALSE
salesforce-migration-assistant-plugin	54		FALSE
scis-ad	54		FALSE
brakeman	53		FALSE
build-flow-toolbox-plugin	53		FALSE
console-navigation	53		FALSE
remoting-kafka	53		FALSE
build-line	52		FALSE
crowdstrike-security	52		FALSE
groovyaxis	52		FALSE
myst-plugin	52		FALSE
persistent-build-queue-plugin	52		FALSE
dotcoverrunner	51		FALSE
emmacoveragecolumn	51		FALSE
report-jtreg	51		FALSE
codedx	50		FALSE
copado	50		FALSE
performance-signature-dynatrace	50		FALSE
utplsql	50		FALSE
vss	50		FALSE
better-pipeline-flowgraph-table	49		FALSE
mysql-job-databases	49		FALSE
one-shot-executor	49		FALSE
qualys-pc	49		FALSE
venafi-codesigning	49		FALSE
qiniu	48		FALSE
associated-files	47		FALSE
codebeamer-xunit-uploader	47		FALSE
compressed_files_viewer	47		FALSE
depbuilder	47		FALSE
jenkinsci-appspider-plugin	47		FALSE
worktile	47		FALSE
ColumnsPlugin	46		FALSE
aws-java-sdk2-ecs	46		FALSE
dbCharts	46		FALSE
device-watcher	46		FALSE
drecycler	46		FALSE
osf-builder-suite-for-sfcc-data-import	46		FALSE
play-autotest-plugin	46		FALSE
provar-automation	46		FALSE
infisical	45		FALSE
results-cache	45		FALSE
setenv	45		FALSE
tekton-client	45		FALSE
aws-beanstalk-releaser	44		FALSE
codefresh	44		FALSE
cvs-tag	44		FALSE
jshint-checkstyle	44		FALSE
pipeline-classpath	44		FALSE
TwilioNotifier	43		FALSE
clearcase-ucm-baseline	43		FALSE
assembla	42		FALSE
ci-skip	42		FALSE
diagnostics	42		FALSE
gitcolony-plugin	42		FALSE
leiningen-plugin	42		FALSE
logback-nats-appender	42		FALSE
neuro-cucumber	42		FALSE
storable-configs-plugin	42		FALSE
buckminster	41		FALSE
cloudbees-plugin-gateway	41		FALSE
paginated-builds	41		FALSE
perl	41		FALSE
plain-text-console-link	41		FALSE
redis-fingerprint-storage	41		FALSE
rubymotion	41		FALSE
alauda-kubernetes-support	40		FALSE
catlight	40		FALSE
chef-cookbook-pipeline	40		FALSE
chrome-frame-plugin	40		FALSE
environment-manager	40		FALSE
youtrack-plugin	40		FALSE
chef	39		FALSE
cluster-stats	39		FALSE
issue-link	39		FALSE
keep-slave-disconnected	39		FALSE
recipe	39		FALSE
scm-httpclient	39		FALSE
deploygate-plugin	38		FALSE
kubesphere-token-auth	38		FALSE
skytap	38		FALSE
testflight	38		FALSE
veracode-scanner	38		FALSE
build-flow-test-aggregator	37		FALSE
concordionpresenter	37		FALSE
growl	37		FALSE
redhat-dependency-analytics	37		FALSE
vmware-vrealize-automation-plugin	37		FALSE
zmq-event-publisher	37		FALSE
aws-java-sdk2-iam	36		FALSE
chef-tracking	36		FALSE
debian-pbuilder	36		FALSE
fortify-cloudscan-jenkins-plugin	36		FALSE
nirmata	36		FALSE
puppet-enterprise-pipeline	36		FALSE
restricted-register	36		FALSE
scm-filter-jervis	36		FALSE
synergy	36		FALSE
testsigma	36		FALSE
DotCi-DockerPublish	35		FALSE
async-job	35		FALSE
aws-java-sdk2-secretsmanager	35		FALSE
cloudshell-sandbox	35		FALSE
distTest	35		FALSE
exclusive-label-plugin	35		FALSE
gem-publisher	35		FALSE
google-analytics-usage-reporter	35		FALSE
aws-java-sdk2-lambda	34		FALSE
bazaar	34		FALSE
concurrent-login-plugin	34		FALSE
generic-environment-filters	34		FALSE
mend-cloud-native-security-scanner	34		FALSE
trac-publisher-plugin	34		FALSE
wavefront	34		FALSE
aws-java-sdk2-cloudformation	33		FALSE
benchmark-evaluator	33		FALSE
deployment-sphere	33		FALSE
fortify360	33		FALSE
inflectra-spira-integration	33		FALSE
instana	33		FALSE
locked-files-report	33		FALSE
mdtool	33		FALSE
openedge	33		FALSE
tics	33		FALSE
appetize	32		FALSE
bearychat	32		FALSE
gcm-notification	32		FALSE
jucies	32		FALSE
osf-builder-suite-for-sfcc-run-job	32		FALSE
pipeline-giphy-api	32		FALSE
rb	32		FALSE
schedule-failed-builds	32		FALSE
simple-travis-runner	32		FALSE
testabilityexplorer	32		FALSE
aws-java-sdk2-cloudfront	31		FALSE
aws-java-sdk2-ssm	31		FALSE
codebeamer-coverage-publisher	31		FALSE
codescanner	31		FALSE
eclipse-update-site	31		FALSE
google-cloud-health-check	31		FALSE
m2-extra-steps	31		FALSE
starteam	31		FALSE
tuleap-oauth	31		FALSE
xpath-config-viewer	31		FALSE
deploydb	30		FALSE
emotional-hudson	30		FALSE
partyparrotstatus	30		FALSE
rad-builder	30		FALSE
redis-notifier	30		FALSE
shared-library-version-override	30		FALSE
teamscale-upload	30		FALSE
xlrelease-var-setter	30		FALSE
anka-build	29		FALSE
arachni-scanner	29		FALSE
assembla-auth	29		FALSE
azure-dev-spaces	29		FALSE
codebeamer-result-trend-updater	29		FALSE
codescene	29		FALSE
extension-filter	29		FALSE
fast-track	29		FALSE
gating-core	29		FALSE
kanboard	29		FALSE
mariadb-api	29		FALSE
nodepool-agents	29		FALSE
signal-killer	29		FALSE
testquality-updater	29		FALSE
view26	29		FALSE
views-containing-job	29		FALSE
vmware-vrealize-orchestrator	29		FALSE
abap-ci	28		FALSE
accelq-ci-connect	28		FALSE
aws-java-sdk2-autoscaling	28		FALSE
aws-java-sdk2-sns	28		FALSE
huaweicloud-credentials	28		FALSE
jbpm-workflow-plugin	28		FALSE
pangolin-testrail-connector	28		FALSE
pragprog	28		FALSE
unicorn	28		FALSE
urbancode-velocity	28		FALSE
AdaptivePlugin	27		FALSE
aqua-serverless	27		FALSE
browser-axis-plugin	27		FALSE
compuware-topaz-for-total-test	27		FALSE
defensics	27		FALSE
delphix	27		FALSE
diawi-upload	27		FALSE
hue-light	27		FALSE
ifttt-build-notifier	27		FALSE
metrics-aggregation	27		FALSE
remote-result-trigger	27		FALSE
rqm-plugin	27		FALSE
aws-java-sdk2-cloudwatchlogs	26		FALSE
azure-event-grid-notifier	26		FALSE
bmc-rpd	26		FALSE
build-node-column	26		FALSE
continuum	26		FALSE
deepsecurity-smartcheck	26		FALSE
flock	26		FALSE
gallio	26		FALSE
labmanager	26		FALSE
netdomain-labeler	26		FALSE
nopmdcheck	26		FALSE
pipeline-project-env	26		FALSE
probely-security	26		FALSE
unreliable-slave-plugin	26		FALSE
aws-java-sdk2-cloudwatch	25		FALSE
ci-with-toad-devops-toolkit	25		FALSE
clearcase-release	25		FALSE
crittercism-dsym	25		FALSE
ibm-cloud-devops	25		FALSE
loadninja	25		FALSE
misra-compliance-report-generator	25		FALSE
skip-cron-rebuild	25		FALSE
url-auth	25		FALSE
aws-java-sdk2-codedeploy	24		FALSE
bumblebee	24		FALSE
compuware-topaz-utilities	24		FALSE
database-mariadb	24		FALSE
dimensionsscm	24		FALSE
ecu-test-execution	24		FALSE
extreme-feedback	24		FALSE
housekeeper	24		FALSE
kmap-jenkins	24		FALSE
machine-learning	24		FALSE
octoperf	24		FALSE
pvcs_scm	24		FALSE
remoting-security-workaround	24		FALSE
shortcut-job	24		FALSE
thread-dump-action-plugin	24		FALSE
aws-java-sdk2-apigateway	23		FALSE
aws-java-sdk2-codebuild	23		FALSE
aws-java-sdk2-elasticloadbalancingv2	23		FALSE
azure-cosmosdb	23		FALSE
cloudbees-feature-management	23		FALSE
copyarchiver	23		FALSE
rallyBuild	23		FALSE
rancher	23		FALSE
testdroid-run-in-cloud	23		FALSE
adaptive-disconnector	22		FALSE
attention	22		FALSE
compuware-scm-downloader	22		FALSE
open-stf	22		FALSE
parallels-desktop	22		FALSE
portshift-scanner	22		FALSE
rapiddeploy-jenkins	22		FALSE
safe-batch-environment-filter	22		FALSE
zanata	22		FALSE
aws-java-sdk2-elasticbeanstalk	21		FALSE
postgresql-fingerprint-storage	21		FALSE
pry	21		FALSE
random-job-builder	21		FALSE
rhnpush-plugin	21		FALSE
rrod	21		FALSE
sasunit-plugin	21		FALSE
tag-profiler	21		FALSE
talend	21		FALSE
vault-scm-plugin	21		FALSE
SCTMExecutor	20		FALSE
app-detector	20		FALSE
aws-java-sdk2-efs	20		FALSE
aws-java-sdk2-organizations	20		FALSE
casdoor-auth	20		FALSE
cloudify	20		FALSE
compuware-xpediter-code-coverage	20		FALSE
eggplant-runner	20		FALSE
ipmessenger-plugin	20		FALSE
jenkins-tag-cloud-plugin	20		FALSE
jslint-checkstyle	20		FALSE
link-column	20		FALSE
perfectomobile	20		FALSE
propelo-job-reporter	20		FALSE
sametime	20		FALSE
script-scm	20		FALSE
sealights	20		FALSE
singleuseslave	20		FALSE
thycotic-devops-secrets-vault	20		FALSE
alauda-devops-credentials-provider	19		FALSE
aws-java-sdk2-sqs	19		FALSE
dagshub-branch-source	19		FALSE
drupal-developer	19		FALSE
ontrack	19		FALSE
package-drone	19		FALSE
plasticscm-mergebot	19		FALSE
portscanner	19		FALSE
clif-performance-testing	18		FALSE
compuware-ispw-operations	18		FALSE
daily-quote	18		FALSE
dotcommonitor-loadview	18		FALSE
flashlog-plugin	18		FALSE
hp-operations-orchestration-automation-execution-plugin	18		FALSE
ibm-application-security	18		FALSE
nuclei	18		FALSE
piketec-tpt	18		FALSE
policycenter-gate-validator	18		FALSE
twitter	18		FALSE
webload	18		FALSE
blueocean-analytics-tools	17		FALSE
comments-remover	17		FALSE
elasticbox	17		FALSE
helix-teamhub	17		FALSE
loadimpact-plugin	17		FALSE
meliora-testlab	17		FALSE
nopmdverifytrac	17		FALSE
packagecloud	17		FALSE
people-redirector	17		FALSE
zdevops	17		FALSE
alauda-pipeline	16		FALSE
appio	16		FALSE
aws-java-sdk2-kinesis	16		FALSE
azure-iot-edge	16		FALSE
deploy-integrationserver	16		FALSE
digicert-software-trust-gpg-sign	16		FALSE
externalresource-dispatcher	16		FALSE
harvest	16		FALSE
oracle-cloud-infrastructure-compute-classic	16		FALSE
perfecto	16		FALSE
pipeline-cloudwatch-logs	16		FALSE
qualys-iac-security	16		FALSE
report-diff	16		FALSE
send-stacktrace-to-eclipse-plugin	16		FALSE
tibco-builder	16		FALSE
vmware-vrealize-codestream	16		FALSE
wallarm-fast	16		FALSE
cloudevents	15		FALSE
eiffel-broadcaster	15		FALSE
forticwp-cicd	15		FALSE
gcr-scanner	15		FALSE
icn-plugin-loader	15		FALSE
japex	15		FALSE
jenkins-testswarm-plugin	15		FALSE
lacework-security-scanner	15		FALSE
loadfocus-loadtest	15		FALSE
overops-query	15		FALSE
pipeline-reporter-by-redpen	15		FALSE
sra-deploy	15		FALSE
srcclr-installer	15		FALSE
stoplightio-report	15		FALSE
zaproxy	15		FALSE
zohosprints	15		FALSE
ctrf-json	14		FALSE
hugo	14		FALSE
jx-resources	14		FALSE
s3-jobcacher-storage	14		FALSE
secret	14		FALSE
sematext	14		FALSE
slsa	14		FALSE
tanaguru	14		FALSE
travis-yml	14		FALSE
vboxwrapper	14		FALSE
workplace-notifier	14		FALSE
yandex-cloud-workers	14		FALSE
bigpanda-jenkins	13		FALSE
blink1	13		FALSE
ca-apm	13		FALSE
hyper-slaves	13		FALSE
itms-junit-report-publisher	13		FALSE
job-strongauth-simple	13		FALSE
osf-builder-suite-xml-linter	13		FALSE
tattletale-plugin	13		FALSE
tinfoil-scan	13		FALSE
wiz-scanner	13		FALSE
ws-execution-manager	13		FALSE
wso2id-oauth	13		FALSE
ApicaLoadtest	12		FALSE
azure-slave-plugin	12		FALSE
bitkeeper	12		FALSE
ci-with-toad-edge	12		FALSE
config-rotator	12		FALSE
ease-plugin	12		FALSE
experitest-cloud	12		FALSE
flexdeploy	12		FALSE
hpe-network-virtualization	12		FALSE
javanet-uploader	12		FALSE
oes-template	12		FALSE
quayio-trigger	12		FALSE
rigor-optimization	12		FALSE
smilehubnotifier	12		FALSE
sonatype-ci	12		FALSE
squashtm-publisher	12		FALSE
transifex	12		FALSE
updatebot	12		FALSE
url-change-trigger	12		FALSE
vrealize-automation-8	12		FALSE
absint-astree	11		FALSE
alibabacloud-edas	11		FALSE
beagle-security	11		FALSE
black-duck-sigma	11		FALSE
codethreat-scanner	11		FALSE
deployhub	11		FALSE
eggplant-plugin	11		FALSE
failedJobDeactivator	11		FALSE
hadoop	11		FALSE
imagecomparison	11		FALSE
logentries	11		FALSE
mock-load-builder	11		FALSE
report-generic-chart-column	11		FALSE
reqtify	11		FALSE
sahagin	11		FALSE
schedule-build-plugin	11		FALSE
synopsys-sigma	11		FALSE
wsap	11		FALSE
DotCi-InstallPackages	10		FALSE
copr	10		FALSE
embotics-vcommander	10		FALSE
exam	10		FALSE
helix-alm-test-management	10		FALSE
jobcacher-azure-storage	10		FALSE
jprt	10		FALSE
markdown-params	10		FALSE
opslevel	10		FALSE
packageversion	10		FALSE
qualys-api-security	10		FALSE
reactor-plugin	10		FALSE
relution-publisher	10		FALSE
sinatra-chef-builder	10		FALSE
skenai	10		FALSE
threadfix	10		FALSE
absint-a3	9		FALSE
alibabacloud-pkg-deployment	9		FALSE
arestocats	9		FALSE
cavisson-ns-nd-integration	9		FALSE
cerberus-testing	9		FALSE
cmvc	9		FALSE
collabnet-automic-deploy	9		FALSE
external-scheduler	9		FALSE
fogbugz	9		FALSE
google-analyze-code-security	9		FALSE
huaweicloud-ecs	9		FALSE
hudson-logaction-plugin	9		FALSE
humbug	9		FALSE
inedo-buildmaster	9		FALSE
karaf-build-step	9		FALSE
koji	9		FALSE
metadefender	9		FALSE
qrebel	9		FALSE
stackify-deployment-recorder	9		FALSE
testopia	9		FALSE
updraft-publisher	9		FALSE
walti	9		FALSE
apifortress	8		FALSE
artifactz	8		FALSE
blackduck-installer	8		FALSE
build-executors-filter-offline	8		FALSE
cloudhub-deployer	8		FALSE
cppunit	8		FALSE
deveo	8		FALSE
environment-variables-status-sync	8		FALSE
extensivetesting	8		FALSE
mdt-deployment	8		FALSE
node-sharing-orchestrator	8		FALSE
perl-smoke-test	8		FALSE
redhat-codeready-dependency-analysis	8		FALSE
screenrecorder	8		FALSE
shutdown-queue	8		FALSE
smartfrog-plugin	8		FALSE
statuspage-gating	8		FALSE
testkube-cli	8		FALSE
teststudio	8		FALSE
uithemes	8		FALSE
admin-params	7		FALSE
appcircle-testing-distribution	7		FALSE
appdome-build-2secure	7		FALSE
chaos-butler	7		FALSE
cloudbees-disk-usage-simple-plugin	7		FALSE
cloudbees-enterprise-plugins	7		FALSE
codescan	7		FALSE
conflict-aware-ondemand-strategy	7		FALSE
container-image-link	7		FALSE
graphql-server	7		FALSE
hudson-startup-trigger	7		FALSE
icq-notification	7		FALSE
jbpm-embedded-plugin	7		FALSE
klaros-testmanagement	7		FALSE
loaderio-jenkins-plugin	7		FALSE
metrics-ganglia	7		FALSE
onesky	7		FALSE
secone-security	7		FALSE
sofy-ai	7		FALSE
split-admin	7		FALSE
vdoo-vision	7		FALSE
venafi-vcert	7		FALSE
visualexpert	7		FALSE
SBuild	6		FALSE
aws-java-sdk2-logs	6		FALSE
boot-clj	6		FALSE
cloudguard-shiftleft	6		FALSE
compuware-strobe-measurement	6		FALSE
datical-db-plugin	6		FALSE
deadmanssnitch	6		FALSE
description-column	6		FALSE
girls	6		FALSE
in-toto	6		FALSE
itest	6		FALSE
jenkins-infra-test	6		FALSE
jmeter	6		FALSE
nutanix-calm	6		FALSE
peass-ci	6		FALSE
poll-mailbox-trigger	6		FALSE
qualityclouds	6		FALSE
r7insight-log-forwarder	6		FALSE
railflow-testrail	6		FALSE
silk-performer-plugin	6		FALSE
simpleupdatesite	6		FALSE
tuxdroid	6		FALSE
vaddy-plugin	6		FALSE
viber-notification	6		FALSE
xcp-ci	6		FALSE
yammer	6		FALSE
GatekeeperPlugin	5		FALSE
HiddenParameter	5		FALSE
alauda-devops-pipeline	5		FALSE
amqp-build-trigger	5		FALSE
argus-notifier	5		FALSE
ascentialtest-cmd-line	5		FALSE
build-configurator	5		FALSE
carbonetes-serverless-container-scanning-and-policy-compliance	5		FALSE
cas1	5		FALSE
catalogic-ecx	5		FALSE
cdevents	5		FALSE
cloudbees-deployer-plugin	5		FALSE
cloudcoreo-deploytime	5		FALSE
codeclimate-plugin	5		FALSE
compuware-topaz-for-enterprise-data	5		FALSE
compuware-zadviser-api	5		FALSE
finite-state-third-party-upload	5		FALSE
headspin	5		FALSE
javanet	5		FALSE
jdcloud-codedeploy	5		FALSE
jenkinswalldisplay-pom	5		FALSE
loadrunner	5		FALSE
monkit-plugin	5		FALSE
nis-notification-lamp	5		FALSE
pureload	5		FALSE
security-no-captcha	5		FALSE
simplify-qa-connector	5		FALSE
speaks	5		FALSE
ssh2easy-plugin	5		FALSE
suite-test-groups-publisher	5		FALSE
tcl	5		FALSE
teststudioapitesting	5		FALSE
typetalk	5		FALSE
ws-ctm	5		FALSE
CFLint	4		FALSE
ColumnPack-plugin	4		FALSE
beaker-builder	4		FALSE
binary-deployer	4		FALSE
breachlock-dast	4		FALSE
build-health-cache-updater	4		FALSE
ca-mat-performance-benchmarking-by-broadcom	4		FALSE
darcs	4		FALSE
dockerhub	4		FALSE
eagle-tester	4		FALSE
finite-state-binary-scan	4		FALSE
ibmi-steps	4		FALSE
icescrum	4		FALSE
kryptowire	4		FALSE
loadium	4		FALSE
matomo-analytics	4		FALSE
mergebase-sca	4		FALSE
nerrvana-plugin	4		FALSE
non-dynamic-hello-world	4		FALSE
nouvola-divecloud	4		FALSE
openstack-heat	4		FALSE
rusalad-plugin	4		FALSE
snowglobe	4		FALSE
soos-sca	4		FALSE
stackhammer	4		FALSE
thycotic-vault	4		FALSE
trunk-io	4		FALSE
writable-filesystem-monitor	4		FALSE
xltestview-plugin	4		FALSE
zscaler-iac-scan	4		FALSE
appcircle-enterprise-store	3		FALSE
appdome-validate-2secure	3		FALSE
appknox-scanner	3		FALSE
appthwack	3		FALSE
asakusa-satellite-plugin	3		FALSE
autify	3		FALSE
aws-java-sdk2-api-gateway	3		FALSE
bmc-cfa	3		FALSE
build-requester	3		FALSE
buildcoin-plugin	3		FALSE
caliper-ci	3		FALSE
collabnet-uc4-deploy	3		FALSE
couchdb-statistics	3		FALSE
create-fingerprint-plugin	3		FALSE
datadog-build-reporter	3		FALSE
delta-cloud	3		FALSE
devstack	3		FALSE
discobit-autoconfig	3		FALSE
dlisting-cov	3		FALSE
elOyente	3		FALSE
event-announcer	3		FALSE
flexteam	3		FALSE
foreman-node-sharing	3		FALSE
gamekins	3		FALSE
global-pipeline-parameters	3		FALSE
habitat	3		FALSE
hipchat-plugin	3		FALSE
jabber-server-plugin	3		FALSE
jbehave-hudson-plugin	3		FALSE
jenkins-leiningen	3		FALSE
jenkins-tracker	3		FALSE
jianliao	3		FALSE
loadcomplete	3		FALSE
lotus-connections-plugin	3		FALSE
oak9	3		FALSE
oslc-cm	3		FALSE
otabuilder	3		FALSE
pipeline-editor	3		FALSE
rally-update-plugin-1	3		FALSE
refit	3		FALSE
rtc	3		FALSE
sdelements	3		FALSE
sideex	3		FALSE
simplifyqa-pipeline-executor	3		FALSE
smalltest	3		FALSE
sms-notification	3		FALSE
sweagle	3		FALSE
themis	3		FALSE
usemango-runner	3		FALSE
visualworks-store	3		FALSE
wattspeed	3		FALSE
weibo	3		FALSE
wetest-automation	3		FALSE
zohoqengine	3		FALSE
apimap	2		FALSE
application-director-plugin	2		FALSE
appray	2		FALSE
apprenda	2		FALSE
aribot	2		FALSE
autonomiq	2		FALSE
cachet-gating	2		FALSE
carl	2		FALSE
easyqa	2		FALSE
elastest	2		FALSE
first-plugin	2		FALSE
gitorious	2		FALSE
hall-jenkins	2		FALSE
heroku-jenkins-plugin	2		FALSE
ikachan	2		FALSE
immuniweb	2		FALSE
incapptic-connect-uploader	2		FALSE
jacked	2		FALSE
jenkinspider	2		FALSE
jetbrains-space	2		FALSE
jsgames	2		FALSE
levo	2		FALSE
liverebel-deploy	2		FALSE
log-flow-visualizer	2		FALSE
lsf-cloud	2		FALSE
nodeofflinenotification	2		FALSE
notifo	2		FALSE
oversecured	2		FALSE
preflight-integration	2		FALSE
queueredirector	2		FALSE
radargun	2		FALSE
rpi-build-status	2		FALSE
scm-branch-pr-filter	2		FALSE
secone-sca-sast-security-scanner	2		FALSE
sensedia-api-platform	2		FALSE
testweaver	2		FALSE
uleska	2		FALSE
upload-artifacts-to-nexus	2		FALSE
vertx	2		FALSE
weibo4jenkins	2		FALSE
yandex-metrica	2		FALSE
zaproxy-jenkins	2		FALSE
AntepediaReporter-CI-plugin	1		FALSE
DotCi-Fig-template	1		FALSE
bart	1		FALSE
bevigil-ci	1		FALSE
blitz_io-jenkins	1		FALSE
buddycloud	1		FALSE
campfire	1		FALSE
cifs	1		FALSE
cloudaeye	1		FALSE
cloudbees-registration	1		FALSE
curseforge-publisher	1		FALSE
cyberchief-security-scanner	1		FALSE
deepcrawl-test	1		FALSE
drools	1		FALSE
essentials	1		FALSE
gprbuild	1		FALSE
hckrnews	1		FALSE
hello-world	1		FALSE
help-editor	1		FALSE
horreum	1		FALSE
humio	1		FALSE
ibm-continuous-release	1		FALSE
icedq	1		FALSE
indusface-was	1		FALSE
itms-for-jira	1		FALSE
kato	1		FALSE
lingr-plugin	1		FALSE
literate	1		FALSE
loadmance	1		FALSE
maplelabs-apm	1		FALSE
microdocs-integration	1		FALSE
mogotest	1		FALSE
openscada-jenkins-exporter	1		FALSE
ostorlab	1		FALSE
paaslane-estimate	1		FALSE
paranoia	1		FALSE
perfectomobile-jenkins	1		FALSE
quali-torque	1		FALSE
radargun-reporting	1		FALSE
reliza-integration	1		FALSE
signpath	1		FALSE
sladiator-notifier	1		FALSE
spoonscript	1		FALSE
telerik-appbuilder-plugin	1		FALSE
testein	1		FALSE
teststudiomobiletesting	1		FALSE
vagrant-plugin	1		FALSE
valid-network	1		FALSE
vessel	1		FALSE
waptpro	1		FALSE
warrior	1		FALSE
workflow-stm	1		FALSE
wwpass-plugin	1		FALSE
xframium	1		FALSE
xltest-plugin	1		FALSE
xpdev	1		FALSE
xygeni-sensor	1		FALSE
yaml-project	1		FALSE
zubhium	1		FALSE
