name,popularity
script-security,273465
structs,273044
scm-api,272742
workflow-step-api,272679
mailer,272602
credentials,272464
bouncycastle-api,272233
display-url-api,271975
ssh-credentials,271703
workflow-api,270763
workflow-scm-step,270138
apache-httpcomponents-client-4-api,269613
workflow-support,269273
junit,268395
jackson2-api,268179
plain-credentials,267589
git-client,266825
matrix-project,265994
credentials-binding,265778
token-macro,264673
git,264503
cloudbees-folder,264244
workflow-job,263678
durable-task,262893
workflow-cps,261738
trilead-api,261221
workflow-durable-task-step,261053
antisamy-markup-formatter,260603
branch-api,260164
workflow-basic-steps,259056
pipeline-stage-step,258587
